ID,Values
2019-05-25 07:45:00 x Soil humidity 2,-4.06996881962
2019-05-25 07:50:00 x Soil humidity 2,-4.13712102175
2019-05-25 07:55:00 x Soil humidity 2,-4.19295954704
2019-05-25 08:00:00 x Soil humidity 2,-4.24879807234
2019-05-25 08:05:00 x Soil humidity 2,-4.30463659763
2019-05-25 08:10:00 x Soil humidity 2,-4.37039232254
2019-05-25 08:15:00 x Soil humidity 2,-4.43614804745
2019-05-25 08:20:00 x Soil humidity 2,-4.49198657274
2019-05-25 08:25:00 x Soil humidity 2,-4.55913877487
2019-05-25 08:30:00 x Soil humidity 2,-4.59508997202
2019-05-25 08:35:00 x Soil humidity 2,-4.63445550203
2019-05-25 08:40:00 x Soil humidity 2,-4.70160770416
2019-05-25 08:45:00 x Soil humidity 2,-4.76875990629
2019-05-25 08:50:00 x Soil humidity 2,-4.82368433475
2019-05-25 08:55:00 x Soil humidity 2,-4.87213432789
2019-05-25 09:00:00 x Soil humidity 2,-4.92797285318
2019-05-25 09:05:00 x Soil humidity 2,-4.98381137848
2019-05-25 09:10:00 x Soil humidity 2,-5.03964990377
2019-05-25 09:15:00 x Soil humidity 2,-5.09548842907
2019-05-25 09:20:00 x Soil humidity 2,-5.16403537989
2019-05-25 09:25:00 x Soil humidity 2,-5.21895980835
2019-05-25 09:30:00 x Soil humidity 2,-5.26740980148
2019-05-25 09:35:00 x Soil humidity 2,-5.31585979462
2019-05-25 09:40:00 x Soil humidity 2,-5.38301199675
2019-05-25 09:45:00 x Soil humidity 2,-5.47359806299
2019-05-25 09:50:00 x Soil humidity 2,-5.53527718782
2019-05-25 09:55:00 x Soil humidity 2,-5.59695631266
2019-05-25 10:00:00 x Soil humidity 2,-5.63209605217
2019-05-25 10:05:00 x Soil humidity 2,-5.66723579168
2019-05-25 10:10:00 x Soil humidity 2,-5.72307431698
2019-05-25 10:15:00 x Soil humidity 2,-5.79022651911
2019-05-25 10:20:00 x Soil humidity 2,-5.8460650444
2019-05-25 10:25:00 x Soil humidity 2,-5.9019035697
2019-05-25 10:30:00 x Soil humidity 2,-5.95196902752
2019-05-25 10:35:00 x Soil humidity 2,-6.01565694809
2019-05-25 10:40:00 x Soil humidity 2,-6.07149547338
2019-05-25 10:45:00 x Soil humidity 2,-6.13864767551
2019-05-25 10:50:00 x Soil humidity 2,-6.19448620081
2019-05-25 10:55:00 x Soil humidity 2,-6.2503247261
2019-05-25 11:00:00 x Soil humidity 2,-6.29877471924
2019-05-25 11:05:00 x Soil humidity 2,-6.34722471237
2019-05-25 11:10:00 x Soil humidity 2,-6.43781077862
2019-05-25 11:15:00 x Soil humidity 2,-6.52839684486
2019-05-25 11:20:00 x Soil humidity 2,-6.58842849731
2019-05-25 11:25:00 x Soil humidity 2,-6.64846014977
2019-05-25 11:30:00 x Soil humidity 2,-6.71561235189
2019-05-25 11:35:00 x Soil humidity 2,-6.80619841814
2019-05-25 11:40:00 x Soil humidity 2,-6.85368919373
2019-05-25 11:45:00 x Soil humidity 2,-6.90117996931
2019-05-25 11:50:00 x Soil humidity 2,-6.95970094204
2019-05-25 11:55:00 x Soil humidity 2,-7.01822191477
2019-05-25 12:00:00 x Soil humidity 2,-7.10880798101
2019-05-25 12:05:00 x Soil humidity 2,-7.17596018314
2019-05-25 12:10:00 x Soil humidity 2,-7.23088461161
2019-05-25 12:15:00 x Soil humidity 2,-7.29943156242
2019-05-25 12:20:00 x Soil humidity 2,-7.35435599089
2019-05-25 12:25:00 x Soil humidity 2,-7.40928041935
2019-05-25 12:30:00 x Soil humidity 2,-7.4998664856
2019-05-25 12:35:00 x Soil humidity 2,-7.56983530521
2019-05-25 12:40:00 x Soil humidity 2,-7.67640703917
2019-05-25 12:45:00 x Soil humidity 2,-7.79604351521
2019-05-25 12:50:00 x Soil humidity 2,-7.9032561779
2019-05-25 12:55:00 x Soil humidity 2,-8.0104688406
2019-05-25 13:00:00 x Soil humidity 2,-8.06575196981
2019-05-25 13:05:00 x Soil humidity 2,-8.12427294254
2019-05-25 13:10:00 x Soil humidity 2,-8.20371121168
2019-05-25 13:15:00 x Soil humidity 2,-8.28314948082
2019-05-25 13:20:00 x Soil humidity 2,-8.36258774996
2019-05-25 13:25:00 x Soil humidity 2,-8.4420260191
2019-05-25 13:30:00 x Soil humidity 2,-8.507781744
2019-05-25 13:35:00 x Soil humidity 2,-8.59697133303
2019-05-25 13:40:00 x Soil humidity 2,-8.70418399572
2019-05-25 13:45:00 x Soil humidity 2,-8.79669803381
2019-05-25 13:50:00 x Soil humidity 2,-8.86245375872
2019-05-25 13:55:00 x Soil humidity 2,-8.92413288355
2019-05-25 14:00:00 x Soil humidity 2,-9.01433819532
2019-05-25 14:05:00 x Soil humidity 2,-9.11797678471
2019-05-25 14:10:00 x Soil humidity 2,-9.22079855204
2019-05-25 14:15:00 x Soil humidity 2,-9.33541804552
2019-05-25 14:20:00 x Soil humidity 2,-9.44304466248
2019-05-25 14:25:00 x Soil humidity 2,-9.55067127943
2019-05-25 14:30:00 x Soil humidity 2,-9.65788394213
2019-05-25 14:35:00 x Soil humidity 2,-9.76509660482
2019-05-25 14:40:00 x Soil humidity 2,-9.8378469348
2019-05-25 14:45:00 x Soil humidity 2,-9.93036097288
2019-05-25 14:50:00 x Soil humidity 2,-9.99039262533
2019-05-25 14:55:00 x Soil humidity 2,-10.0489135981
2019-05-25 15:00:00 x Soil humidity 2,-10.156540215
2019-05-25 15:05:00 x Soil humidity 2,-10.2776001096
2019-05-25 15:10:00 x Soil humidity 2,-10.3549907804
2019-05-25 15:15:00 x Soil humidity 2,-10.4369136095
2019-05-25 15:20:00 x Soil humidity 2,-10.4982358217
2019-05-25 15:25:00 x Soil humidity 2,-10.5503574014
2019-05-25 15:30:00 x Soil humidity 2,-10.6277480721
2019-05-25 15:35:00 x Soil humidity 2,-10.7206363678
2019-05-25 15:40:00 x Soil humidity 2,-10.7980270386
2019-05-25 15:45:00 x Soil humidity 2,-10.8754177094
2019-05-25 15:50:00 x Soil humidity 2,-10.9782394767
2019-05-25 15:55:00 x Soil humidity 2,-11.0556301475
2019-05-25 16:00:00 x Soil humidity 2,-11.1241770983
2019-05-25 16:05:00 x Soil humidity 2,-11.1927240491
2019-05-25 16:10:00 x Soil humidity 2,-11.2564529777
2019-05-25 16:15:00 x Soil humidity 2,-11.3201819062
2019-05-25 16:20:00 x Soil humidity 2,-11.3564386368
2019-05-25 16:25:00 x Soil humidity 2,-11.3988772035
2019-05-25 16:30:00 x Soil humidity 2,-11.4866330624
2019-05-25 16:35:00 x Soil humidity 2,-11.5503619909
2019-05-25 16:40:00 x Soil humidity 2,-11.6506540775
2019-05-25 16:45:00 x Soil humidity 2,-11.7195155025
2019-05-25 16:50:00 x Soil humidity 2,-11.7883769274
2019-05-25 16:55:00 x Soil humidity 2,-11.888669014
2019-05-25 17:00:00 x Soil humidity 2,-11.9361597896
2019-05-25 17:05:00 x Soil humidity 2,-11.9712995291
2019-05-25 17:10:00 x Soil humidity 2,-12.0313311815
2019-05-25 17:15:00 x Soil humidity 2,-12.11228019
2019-05-25 17:20:00 x Soil humidity 2,-12.1932291985
2019-05-25 17:25:00 x Soil humidity 2,-12.256958127
2019-05-25 17:30:00 x Soil humidity 2,-12.3206870556
2019-05-25 17:35:00 x Soil humidity 2,-12.4084429145
2019-05-25 17:40:00 x Soil humidity 2,-12.489391923
2019-05-25 17:45:00 x Soil humidity 2,-12.5494235754
2019-05-25 17:50:00 x Soil humidity 2,-12.6079445481
2019-05-25 17:55:00 x Soil humidity 2,-12.6632276773
2019-05-25 18:00:00 x Soil humidity 2,-12.7661209702
2019-05-25 18:05:00 x Soil humidity 2,-12.8690142632
2019-05-25 18:10:00 x Soil humidity 2,-12.9382993579
2019-05-25 18:15:00 x Soil humidity 2,-13.020222187
2019-05-25 18:20:00 x Soil humidity 2,-13.080955863
2019-05-25 18:25:00 x Soil humidity 2,-13.141689539
2019-05-25 18:30:00 x Soil humidity 2,-13.2054184675
2019-05-25 18:35:00 x Soil humidity 2,-13.2661521435
2019-05-25 18:40:00 x Soil humidity 2,-13.329881072
2019-05-25 18:45:00 x Soil humidity 2,-13.3936100006
2019-05-25 18:50:00 x Soil humidity 2,-13.4628950953
2019-05-25 18:55:00 x Soil humidity 2,-13.5554091334
2019-05-25 19:00:00 x Soil humidity 2,-13.6281594634
2019-05-25 19:05:00 x Soil humidity 2,-13.6974445581
2019-05-25 19:10:00 x Soil humidity 2,-13.7574762106
2019-05-25 19:15:00 x Soil humidity 2,-13.8164439797
2019-05-25 19:20:00 x Soil humidity 2,-13.8764756322
2019-05-25 19:25:00 x Soil humidity 2,-13.9372093081
2019-05-25 19:30:00 x Soil humidity 2,-13.9961770773
2019-05-25 19:35:00 x Soil humidity 2,-14.0551448464
2019-05-25 19:40:00 x Soil humidity 2,-14.1141126156
2019-05-25 19:45:00 x Soil humidity 2,-14.1693957448
2019-05-25 19:50:00 x Soil humidity 2,-14.224678874
2019-05-25 19:55:00 x Soil humidity 2,-14.2615733147
2019-05-25 20:00:00 x Soil humidity 2,-14.2984677553
2019-05-25 20:05:00 x Soil humidity 2,-14.3423290849
2019-05-25 20:10:00 x Soil humidity 2,-14.3833781481
2019-05-25 20:15:00 x Soil humidity 2,-14.4185178876
2019-05-25 20:20:00 x Soil humidity 2,-14.4536576271
2019-05-25 20:25:00 x Soil humidity 2,-14.4905520678
2019-05-25 20:30:00 x Soil humidity 2,-14.5274465084
2019-05-25 20:35:00 x Soil humidity 2,-14.5633977056
2019-05-25 20:40:00 x Soil humidity 2,-14.5985374451
2019-05-25 20:45:00 x Soil humidity 2,-14.6379029751
2019-05-25 20:50:00 x Soil humidity 2,-14.6738541722
2019-05-25 20:55:00 x Soil humidity 2,-14.7089939117
2019-05-25 21:00:00 x Soil humidity 2,-14.7441336513
2019-05-25 21:05:00 x Soil humidity 2,-14.7792733908
2019-05-25 21:10:00 x Soil humidity 2,-14.8144131303
2019-05-25 21:15:00 x Soil humidity 2,-14.8470817804
2019-05-25 21:20:00 x Soil humidity 2,-14.8797504306
2019-05-25 21:25:00 x Soil humidity 2,-14.9166448712
2019-05-25 21:30:00 x Soil humidity 2,-14.9535393119
2019-05-25 21:35:00 x Soil humidity 2,-14.9870194197
2019-05-25 21:40:00 x Soil humidity 2,-15.0204995275
2019-05-25 21:45:00 x Soil humidity 2,-15.055639267
2019-05-25 21:50:00 x Soil humidity 2,-15.0907790065
2019-05-25 21:55:00 x Soil humidity 2,-15.1234476566
2019-05-25 22:00:00 x Soil humidity 2,-15.1561163068
2019-05-25 22:05:00 x Soil humidity 2,-15.209182024
2019-05-25 22:10:00 x Soil humidity 2,-15.2566727996
2019-05-25 22:15:00 x Soil humidity 2,-15.2884432077
2019-05-25 22:20:00 x Soil humidity 2,-15.3235829473
2019-05-25 22:25:00 x Soil humidity 2,-15.3604773879
2019-05-25 22:30:00 x Soil humidity 2,-15.3973718286
2019-05-25 22:35:00 x Soil humidity 2,-15.4448626041
2019-05-25 22:40:00 x Soil humidity 2,-15.4800023437
2019-05-25 22:45:00 x Soil humidity 2,-15.5126709938
2019-05-25 22:50:00 x Soil humidity 2,-15.545339644
2019-05-25 22:55:00 x Soil humidity 2,-15.5780082941
2019-05-25 23:00:00 x Soil humidity 2,-15.6139594913
2019-05-25 23:05:00 x Soil humidity 2,-15.6490992308
2019-05-25 23:10:00 x Soil humidity 2,-15.6817678809
2019-05-25 23:15:00 x Soil humidity 2,-15.7152479887
2019-05-25 23:20:00 x Soil humidity 2,-15.7503877282
2019-05-25 23:25:00 x Soil humidity 2,-15.7897532582
2019-05-25 23:30:00 x Soil humidity 2,-15.8291187882
2019-05-25 23:35:00 x Soil humidity 2,-15.8642585278
2019-05-25 23:40:00 x Soil humidity 2,-15.9128662944
2019-05-25 23:45:00 x Soil humidity 2,-15.96035707
2019-05-25 23:50:00 x Soil humidity 2,-15.9954968095
2019-05-25 23:55:00 x Soil humidity 2,-16.030636549
2019-05-26 00:00:00 x Soil humidity 2,-16.0781273246
2019-05-26 00:05:00 x Soil humidity 2,-16.1132670641
2019-05-26 00:10:00 x Soil humidity 2,-16.1484068036
2019-05-26 00:15:00 x Soil humidity 2,-16.1835465431
2019-05-26 00:20:00 x Soil humidity 2,-16.2310373187
2019-05-26 00:25:00 x Soil humidity 2,-16.2661770582
2019-05-26 00:30:00 x Soil humidity 2,-16.3192427754
2019-05-26 00:35:00 x Soil humidity 2,-16.3734254837
2019-05-26 00:40:00 x Soil humidity 2,-16.4264912009
2019-05-26 00:45:00 x Soil humidity 2,-16.4739819765
2019-05-26 00:50:00 x Soil humidity 2,-16.5057523847
2019-05-26 00:55:00 x Soil humidity 2,-16.5408921242
2019-05-26 01:00:00 x Soil humidity 2,-16.5760318637
2019-05-26 01:05:00 x Soil humidity 2,-16.6087005138
2019-05-26 01:10:00 x Soil humidity 2,-16.640470922
2019-05-26 01:15:00 x Soil humidity 2,-16.6756106615
2019-05-26 01:20:00 x Soil humidity 2,-16.710750401
2019-05-26 01:25:00 x Soil humidity 2,-16.7582411766
2019-05-26 01:30:00 x Soil humidity 2,-16.8057319522
2019-05-26 01:35:00 x Soil humidity 2,-16.8408716917
2019-05-26 01:40:00 x Soil humidity 2,-16.8760114312
2019-05-26 01:45:00 x Soil humidity 2,-16.9235022068
2019-05-26 01:50:00 x Soil humidity 2,-16.9709929824
2019-05-26 01:55:00 x Soil humidity 2,-17.018483758
2019-05-26 02:00:00 x Soil humidity 2,-17.0670915246
2019-05-26 02:05:00 x Soil humidity 2,-17.1033482552
2019-05-26 02:10:00 x Soil humidity 2,-17.1392994523
2019-05-26 02:15:00 x Soil humidity 2,-17.1727795601
2019-05-26 02:20:00 x Soil humidity 2,-17.2202703357
2019-05-26 02:25:00 x Soil humidity 2,-17.2677611113
2019-05-26 02:30:00 x Soil humidity 2,-17.3152518868
2019-05-26 02:35:00 x Soil humidity 2,-17.3503916264
2019-05-26 02:40:00 x Soil humidity 2,-17.3897571564
2019-05-26 02:45:00 x Soil humidity 2,-17.4291226864
2019-05-26 02:50:00 x Soil humidity 2,-17.4642624259
2019-05-26 02:55:00 x Soil humidity 2,-17.4994021654
2019-05-26 03:00:00 x Soil humidity 2,-17.535658896
2019-05-26 03:05:00 x Soil humidity 2,-17.591719985
2019-05-26 03:10:00 x Soil humidity 2,-17.6392107606
2019-05-26 03:15:00 x Soil humidity 2,-17.6743505001
2019-05-26 03:20:00 x Soil humidity 2,-17.7137160301
2019-05-26 03:25:00 x Soil humidity 2,-17.7632911205
2019-05-26 03:30:00 x Soil humidity 2,-17.79843086
2019-05-26 03:35:00 x Soil humidity 2,-17.8343820572
2019-05-26 03:40:00 x Soil humidity 2,-17.8695217967
2019-05-26 03:45:00 x Soil humidity 2,-17.9046615362
2019-05-26 03:50:00 x Soil humidity 2,-17.9398012757
2019-05-26 03:55:00 x Soil humidity 2,-17.9872920513
2019-05-26 04:00:00 x Soil humidity 2,-18.0224317908
2019-05-26 04:05:00 x Soil humidity 2,-18.0575715303
2019-05-26 04:10:00 x Soil humidity 2,-18.0927112699
2019-05-26 04:15:00 x Soil humidity 2,-18.1402020454
2019-05-26 04:20:00 x Soil humidity 2,-18.175341785
2019-05-26 04:25:00 x Soil humidity 2,-18.2104815245
2019-05-26 04:30:00 x Soil humidity 2,-18.245621264
2019-05-26 04:35:00 x Soil humidity 2,-18.2807610035
2019-05-26 04:40:00 x Soil humidity 2,-18.315900743
2019-05-26 04:45:00 x Soil humidity 2,-18.3510404825
2019-05-26 04:50:00 x Soil humidity 2,-18.3828108907
2019-05-26 04:55:00 x Soil humidity 2,-18.4179506302
2019-05-26 05:00:00 x Soil humidity 2,-18.4497210383
2019-05-26 05:05:00 x Soil humidity 2,-18.4806619883
2019-05-26 05:10:00 x Soil humidity 2,-18.5158017278
2019-05-26 05:15:00 x Soil humidity 2,-18.5582402945
2019-05-26 05:20:00 x Soil humidity 2,-18.5964800119
2019-05-26 05:25:00 x Soil humidity 2,-18.6299601197
2019-05-26 05:30:00 x Soil humidity 2,-18.6659113169
2019-05-26 05:35:00 x Soil humidity 2,-18.7010510564
2019-05-26 05:40:00 x Soil humidity 2,-18.7361907959
2019-05-26 05:45:00 x Soil humidity 2,-18.7713305354
2019-05-26 05:50:00 x Soil humidity 2,-18.8064702749
2019-05-26 05:55:00 x Soil humidity 2,-18.8416100144
2019-05-26 06:00:00 x Soil humidity 2,-18.8742786646
2019-05-26 06:05:00 x Soil humidity 2,-18.9069473147
2019-05-26 06:10:00 x Soil humidity 2,-18.9420870543
2019-05-26 06:15:00 x Soil humidity 2,-18.9747557044
2019-05-26 06:20:00 x Soil humidity 2,-19.0074243546
2019-05-26 06:25:00 x Soil humidity 2,-19.0425640941
2019-05-26 06:30:00 x Soil humidity 2,-19.0777038336
2019-05-26 06:35:00 x Soil humidity 2,-19.1139605641
2019-05-26 06:40:00 x Soil humidity 2,-19.1502172947
2019-05-26 06:45:00 x Soil humidity 2,-19.1926558614
2019-05-26 06:50:00 x Soil humidity 2,-19.2308955789
2019-05-26 06:55:00 x Soil humidity 2,-19.279345572
2019-05-26 07:00:00 x Soil humidity 2,-19.3342700005
2019-05-26 07:05:00 x Soil humidity 2,-19.4014222026
2019-05-26 07:10:00 x Soil humidity 2,-19.4685744047
2019-05-26 07:15:00 x Soil humidity 2,-19.52441293
2019-05-26 07:20:00 x Soil humidity 2,-19.5802514553
2019-05-26 07:25:00 x Soil humidity 2,-19.6474036574
2019-05-26 07:30:00 x Soil humidity 2,-19.7145558596
2019-05-26 07:35:00 x Soil humidity 2,-19.7703943849
2019-05-26 07:40:00 x Soil humidity 2,-19.8262329102
2019-05-26 07:45:00 x Soil humidity 2,-19.8962017298
2019-05-26 07:50:00 x Soil humidity 2,-19.9633539319
2019-05-26 07:55:00 x Soil humidity 2,-20.0191924572
2019-05-26 08:00:00 x Soil humidity 2,-20.0750309825
2019-05-26 08:05:00 x Soil humidity 2,-20.1308695078
2019-05-26 08:10:00 x Soil humidity 2,-20.1966252327
2019-05-26 08:15:00 x Soil humidity 2,-20.2623809576
2019-05-26 08:20:00 x Soil humidity 2,-20.3182194829
2019-05-26 08:25:00 x Soil humidity 2,-20.385371685
2019-05-26 08:30:00 x Soil humidity 2,-20.4213228822
2019-05-26 08:35:00 x Soil humidity 2,-20.4606884122
2019-05-26 08:40:00 x Soil humidity 2,-20.5278406143
2019-05-26 08:45:00 x Soil humidity 2,-20.5949928164
2019-05-26 08:50:00 x Soil humidity 2,-20.6499172449
2019-05-26 08:55:00 x Soil humidity 2,-20.698367238
2019-05-26 09:00:00 x Soil humidity 2,-20.7542057633
2019-05-26 09:05:00 x Soil humidity 2,-20.8100442886
2019-05-26 09:10:00 x Soil humidity 2,-20.8658828139
2019-05-26 09:15:00 x Soil humidity 2,-20.9217213392
2019-05-26 09:20:00 x Soil humidity 2,-20.99026829
2019-05-26 09:25:00 x Soil humidity 2,-21.0451927185
2019-05-26 09:30:00 x Soil humidity 2,-21.0936427116
2019-05-26 09:35:00 x Soil humidity 2,-21.1420927048
2019-05-26 09:40:00 x Soil humidity 2,-21.2092449069
2019-05-26 09:45:00 x Soil humidity 2,-21.2998309731
2019-05-26 09:50:00 x Soil humidity 2,-21.361510098
2019-05-26 09:55:00 x Soil humidity 2,-21.4231892228
2019-05-26 10:00:00 x Soil humidity 2,-21.4583289623
2019-05-26 10:05:00 x Soil humidity 2,-21.4934687018
2019-05-26 10:10:00 x Soil humidity 2,-21.5493072271
2019-05-26 10:15:00 x Soil humidity 2,-21.6164594293
2019-05-26 10:20:00 x Soil humidity 2,-21.6722979546
2019-05-26 10:25:00 x Soil humidity 2,-21.7281364799
2019-05-26 10:30:00 x Soil humidity 2,-21.7782019377
2019-05-26 10:35:00 x Soil humidity 2,-21.8418898582
2019-05-26 10:40:00 x Soil humidity 2,-21.8977283835
2019-05-26 10:45:00 x Soil humidity 2,-21.9648805857
2019-05-26 10:50:00 x Soil humidity 2,-22.020719111
2019-05-26 10:55:00 x Soil humidity 2,-22.0765576363
2019-05-26 11:00:00 x Soil humidity 2,-22.1250076294
2019-05-26 11:05:00 x Soil humidity 2,-22.1734576225
2019-05-26 11:10:00 x Soil humidity 2,-22.2640436888
2019-05-26 11:15:00 x Soil humidity 2,-22.354629755
2019-05-26 11:20:00 x Soil humidity 2,-22.4146614075
2019-05-26 11:25:00 x Soil humidity 2,-22.4746930599
2019-05-26 11:30:00 x Soil humidity 2,-22.5418452621
2019-05-26 11:35:00 x Soil humidity 2,-22.6324313283
2019-05-26 11:40:00 x Soil humidity 2,-22.6799221039
2019-05-26 11:45:00 x Soil humidity 2,-22.7274128795
2019-05-26 11:50:00 x Soil humidity 2,-22.7859338522
2019-05-26 11:55:00 x Soil humidity 2,-22.8444548249
2019-05-26 12:00:00 x Soil humidity 2,-22.9350408912
2019-05-26 12:05:00 x Soil humidity 2,-23.0021930933
2019-05-26 12:10:00 x Soil humidity 2,-23.0571175218
2019-05-26 12:15:00 x Soil humidity 2,-23.1256644726
2019-05-26 12:20:00 x Soil humidity 2,-23.180588901
2019-05-26 12:25:00 x Soil humidity 2,-23.2355133295
2019-05-26 12:30:00 x Soil humidity 2,-23.3260993958
2019-05-26 12:35:00 x Soil humidity 2,-23.3960682154
2019-05-26 12:40:00 x Soil humidity 2,-23.5026399493
2019-05-26 12:45:00 x Soil humidity 2,-23.6222764254
2019-05-26 12:50:00 x Soil humidity 2,-23.7294890881
2019-05-26 12:55:00 x Soil humidity 2,-23.8367017508
2019-05-26 13:00:00 x Soil humidity 2,-23.89198488
2019-05-26 13:05:00 x Soil humidity 2,-23.9505058527
2019-05-26 13:10:00 x Soil humidity 2,-24.0299441218
2019-05-26 13:15:00 x Soil humidity 2,-24.109382391
2019-05-26 13:20:00 x Soil humidity 2,-24.1888206601
2019-05-26 13:25:00 x Soil humidity 2,-24.2682589293
2019-05-26 13:30:00 x Soil humidity 2,-24.3340146542
2019-05-26 13:35:00 x Soil humidity 2,-24.4232042432
2019-05-26 13:40:00 x Soil humidity 2,-24.5304169059
2019-05-26 13:45:00 x Soil humidity 2,-24.622930944
2019-05-26 13:50:00 x Soil humidity 2,-24.6886866689
2019-05-26 13:55:00 x Soil humidity 2,-24.7503657937
2019-05-26 14:00:00 x Soil humidity 2,-24.8405711055
2019-05-26 14:05:00 x Soil humidity 2,-24.9442096949
2019-05-26 14:10:00 x Soil humidity 2,-25.0470314622
2019-05-26 14:15:00 x Soil humidity 2,-25.1616509557
2019-05-26 14:20:00 x Soil humidity 2,-25.2692775726
2019-05-26 14:25:00 x Soil humidity 2,-25.3769041896
2019-05-26 14:30:00 x Soil humidity 2,-25.4841168523
2019-05-26 14:35:00 x Soil humidity 2,-25.591329515
2019-05-26 14:40:00 x Soil humidity 2,-25.664079845
2019-05-26 14:45:00 x Soil humidity 2,-25.756593883
2019-05-26 14:50:00 x Soil humidity 2,-25.8166255355
2019-05-26 14:55:00 x Soil humidity 2,-25.8751465082
2019-05-26 15:00:00 x Soil humidity 2,-25.9827731252
2019-05-26 15:05:00 x Soil humidity 2,-26.1038330197
2019-05-26 15:10:00 x Soil humidity 2,-26.1812236905
2019-05-26 15:15:00 x Soil humidity 2,-26.2631465197
2019-05-26 15:20:00 x Soil humidity 2,-26.3244687319
2019-05-26 15:25:00 x Soil humidity 2,-26.3765903115
2019-05-26 15:30:00 x Soil humidity 2,-26.4539809823
2019-05-26 15:35:00 x Soil humidity 2,-26.546869278
2019-05-26 15:40:00 x Soil humidity 2,-26.6242599487
2019-05-26 15:45:00 x Soil humidity 2,-26.7016506195
2019-05-26 15:50:00 x Soil humidity 2,-26.8044723868
2019-05-26 15:55:00 x Soil humidity 2,-26.8818630576
2019-05-26 16:00:00 x Soil humidity 2,-26.9504100084
2019-05-26 16:05:00 x Soil humidity 2,-27.0189569592
2019-05-26 16:10:00 x Soil humidity 2,-27.0826858878
2019-05-26 16:15:00 x Soil humidity 2,-27.1464148164
2019-05-26 16:20:00 x Soil humidity 2,-27.1826715469
2019-05-26 16:25:00 x Soil humidity 2,-27.2251101136
2019-05-26 16:30:00 x Soil humidity 2,-27.3128659725
2019-05-26 16:35:00 x Soil humidity 2,-27.3765949011
2019-05-26 16:40:00 x Soil humidity 2,-27.4768869877
2019-05-26 16:45:00 x Soil humidity 2,-27.5457484126
2019-05-26 16:50:00 x Soil humidity 2,-27.6146098375
2019-05-26 16:55:00 x Soil humidity 2,-27.7149019241
2019-05-26 17:00:00 x Soil humidity 2,-27.7623926997
2019-05-26 17:05:00 x Soil humidity 2,-27.7975324392
2019-05-26 17:10:00 x Soil humidity 2,-27.8575640917
2019-05-26 17:15:00 x Soil humidity 2,-27.9385131001
2019-05-26 17:20:00 x Soil humidity 2,-28.0194621086
2019-05-26 17:25:00 x Soil humidity 2,-28.0831910372
2019-05-26 17:30:00 x Soil humidity 2,-28.1469199657
2019-05-26 17:35:00 x Soil humidity 2,-28.2346758246
2019-05-26 17:40:00 x Soil humidity 2,-28.3156248331
2019-05-26 17:45:00 x Soil humidity 2,-28.3756564856
2019-05-26 17:50:00 x Soil humidity 2,-28.4341774583
2019-05-26 17:55:00 x Soil humidity 2,-28.4894605875
2019-05-26 18:00:00 x Soil humidity 2,-28.5923538804
2019-05-26 18:05:00 x Soil humidity 2,-28.6952471733
2019-05-26 18:10:00 x Soil humidity 2,-28.764532268
2019-05-26 18:15:00 x Soil humidity 2,-28.8464550972
2019-05-26 18:20:00 x Soil humidity 2,-28.9071887732
2019-05-26 18:25:00 x Soil humidity 2,-28.9679224491
2019-05-26 18:30:00 x Soil humidity 2,-29.0316513777
2019-05-26 18:35:00 x Soil humidity 2,-29.0923850536
2019-05-26 18:40:00 x Soil humidity 2,-29.1561139822
2019-05-26 18:45:00 x Soil humidity 2,-29.2198429108
2019-05-26 18:50:00 x Soil humidity 2,-29.2891280055
2019-05-26 18:55:00 x Soil humidity 2,-29.3816420436
2019-05-26 19:00:00 x Soil humidity 2,-29.4543923736
2019-05-26 19:05:00 x Soil humidity 2,-29.5236774683
2019-05-26 19:10:00 x Soil humidity 2,-29.5837091208
2019-05-26 19:15:00 x Soil humidity 2,-29.6426768899
2019-05-26 19:20:00 x Soil humidity 2,-29.7027085423
2019-05-26 19:25:00 x Soil humidity 2,-29.7634422183
2019-05-26 19:30:00 x Soil humidity 2,-29.8224099874
2019-05-26 19:35:00 x Soil humidity 2,-29.8813777566
2019-05-26 19:40:00 x Soil humidity 2,-29.9403455257
2019-05-26 19:45:00 x Soil humidity 2,-29.995628655
2019-05-26 19:50:00 x Soil humidity 2,-30.0509117842
2019-05-26 19:55:00 x Soil humidity 2,-30.0878062248
2019-05-26 20:00:00 x Soil humidity 2,-30.1247006655
2019-05-26 20:05:00 x Soil humidity 2,-30.168561995
2019-05-26 20:10:00 x Soil humidity 2,-30.2096110582
2019-05-26 20:15:00 x Soil humidity 2,-30.2447507977
2019-05-26 20:20:00 x Soil humidity 2,-30.2798905373
2019-05-26 20:25:00 x Soil humidity 2,-30.3167849779
2019-05-26 20:30:00 x Soil humidity 2,-30.3536794186
2019-05-26 20:35:00 x Soil humidity 2,-30.3896306157
2019-05-26 20:40:00 x Soil humidity 2,-30.4247703552
2019-05-26 20:45:00 x Soil humidity 2,-30.4641358852
2019-05-26 20:50:00 x Soil humidity 2,-30.5000870824
2019-05-26 20:55:00 x Soil humidity 2,-30.5352268219
2019-05-26 21:00:00 x Soil humidity 2,-30.5703665614
2019-05-26 21:05:00 x Soil humidity 2,-30.6055063009
2019-05-26 21:10:00 x Soil humidity 2,-30.6406460404
2019-05-26 21:15:00 x Soil humidity 2,-30.6733146906
2019-05-26 21:20:00 x Soil humidity 2,-30.7059833407
2019-05-26 21:25:00 x Soil humidity 2,-30.7428777814
2019-05-26 21:30:00 x Soil humidity 2,-30.779772222
2019-05-26 21:35:00 x Soil humidity 2,-30.8132523298
2019-05-26 21:40:00 x Soil humidity 2,-30.8467324376
2019-05-26 21:45:00 x Soil humidity 2,-30.8818721771
2019-05-26 21:50:00 x Soil humidity 2,-30.9170119166
2019-05-26 21:55:00 x Soil humidity 2,-30.9496805668
2019-05-26 22:00:00 x Soil humidity 2,-30.9823492169
2019-05-26 22:05:00 x Soil humidity 2,-31.0354149342
2019-05-26 22:10:00 x Soil humidity 2,-31.0829057097
2019-05-26 22:15:00 x Soil humidity 2,-31.1146761179
2019-05-26 22:20:00 x Soil humidity 2,-31.1498158574
2019-05-26 22:25:00 x Soil humidity 2,-31.1867102981
2019-05-26 22:30:00 x Soil humidity 2,-31.2236047387
2019-05-26 22:35:00 x Soil humidity 2,-31.2710955143
2019-05-26 22:40:00 x Soil humidity 2,-31.3062352538
2019-05-26 22:45:00 x Soil humidity 2,-31.338903904
2019-05-26 22:50:00 x Soil humidity 2,-31.3715725541
2019-05-26 22:55:00 x Soil humidity 2,-31.4042412043
2019-05-26 23:00:00 x Soil humidity 2,-31.4401924014
2019-05-26 23:05:00 x Soil humidity 2,-31.4753321409
2019-05-26 23:10:00 x Soil humidity 2,-31.5080007911
2019-05-26 23:15:00 x Soil humidity 2,-31.5414808989
2019-05-26 23:20:00 x Soil humidity 2,-31.5766206384
2019-05-26 23:25:00 x Soil humidity 2,-31.6159861684
2019-05-26 23:30:00 x Soil humidity 2,-31.6553516984
2019-05-26 23:35:00 x Soil humidity 2,-31.6904914379
2019-05-26 23:40:00 x Soil humidity 2,-31.7390992045
2019-05-26 23:45:00 x Soil humidity 2,-31.7865899801
2019-05-26 23:50:00 x Soil humidity 2,-31.8217297196
2019-05-26 23:55:00 x Soil humidity 2,-31.8568694592
2019-05-27 00:00:00 x Soil humidity 2,-31.9043602347
2019-05-27 00:05:00 x Soil humidity 2,-31.9394999743
2019-05-27 00:10:00 x Soil humidity 2,-31.9746397138
2019-05-27 00:15:00 x Soil humidity 2,-32.0097794533
2019-05-27 00:20:00 x Soil humidity 2,-32.0572702289
2019-05-27 00:25:00 x Soil humidity 2,-32.0924099684
2019-05-27 00:30:00 x Soil humidity 2,-32.1454756856
2019-05-27 00:35:00 x Soil humidity 2,-32.1996583939
2019-05-27 00:40:00 x Soil humidity 2,-32.2527241111
2019-05-27 00:45:00 x Soil humidity 2,-32.3002148867
2019-05-27 00:50:00 x Soil humidity 2,-32.3319852948
2019-05-27 00:55:00 x Soil humidity 2,-32.3671250343
2019-05-27 01:00:00 x Soil humidity 2,-32.4022647738
2019-05-27 01:05:00 x Soil humidity 2,-32.434933424
2019-05-27 01:10:00 x Soil humidity 2,-32.4667038321
2019-05-27 01:15:00 x Soil humidity 2,-32.5018435717
2019-05-27 01:20:00 x Soil humidity 2,-32.5369833112
2019-05-27 01:25:00 x Soil humidity 2,-32.5844740868
2019-05-27 01:30:00 x Soil humidity 2,-32.6319648623
2019-05-27 01:35:00 x Soil humidity 2,-32.6671046019
2019-05-27 01:40:00 x Soil humidity 2,-32.7022443414
2019-05-27 01:45:00 x Soil humidity 2,-32.749735117
2019-05-27 01:50:00 x Soil humidity 2,-32.7972258925
2019-05-27 01:55:00 x Soil humidity 2,-32.8447166681
2019-05-27 02:00:00 x Soil humidity 2,-32.8933244348
2019-05-27 02:05:00 x Soil humidity 2,-32.9295811653
2019-05-27 02:10:00 x Soil humidity 2,-32.9655323625
2019-05-27 02:15:00 x Soil humidity 2,-32.9990124702
2019-05-27 02:20:00 x Soil humidity 2,-33.0465032458
2019-05-27 02:25:00 x Soil humidity 2,-33.0939940214
2019-05-27 02:30:00 x Soil humidity 2,-33.141484797
2019-05-27 02:35:00 x Soil humidity 2,-33.1766245365
2019-05-27 02:40:00 x Soil humidity 2,-33.2159900665
2019-05-27 02:45:00 x Soil humidity 2,-33.2553555965
2019-05-27 02:50:00 x Soil humidity 2,-33.2904953361
2019-05-27 02:55:00 x Soil humidity 2,-33.3256350756
2019-05-27 03:00:00 x Soil humidity 2,-33.3618918061
2019-05-27 03:05:00 x Soil humidity 2,-33.4179528952
2019-05-27 03:10:00 x Soil humidity 2,-33.4654436707
2019-05-27 03:15:00 x Soil humidity 2,-33.5005834103
2019-05-27 03:20:00 x Soil humidity 2,-33.5399489403
2019-05-27 03:25:00 x Soil humidity 2,-33.5895240307
2019-05-27 03:30:00 x Soil humidity 2,-33.6246637702
2019-05-27 03:35:00 x Soil humidity 2,-33.6606149673
2019-05-27 03:40:00 x Soil humidity 2,-33.6957547069
2019-05-27 03:45:00 x Soil humidity 2,-33.7308944464
2019-05-27 03:50:00 x Soil humidity 2,-33.7660341859
2019-05-27 03:55:00 x Soil humidity 2,-33.8135249615
2019-05-27 04:00:00 x Soil humidity 2,-33.848664701
2019-05-27 04:05:00 x Soil humidity 2,-33.8838044405
2019-05-27 04:10:00 x Soil humidity 2,-33.91894418
2019-05-27 04:15:00 x Soil humidity 2,-33.9664349556
2019-05-27 04:20:00 x Soil humidity 2,-34.0015746951
2019-05-27 04:25:00 x Soil humidity 2,-34.0367144346
2019-05-27 04:30:00 x Soil humidity 2,-34.0718541741
2019-05-27 04:35:00 x Soil humidity 2,-34.1069939137
2019-05-27 04:40:00 x Soil humidity 2,-34.1421336532
2019-05-27 04:45:00 x Soil humidity 2,-34.1772733927
2019-05-27 04:50:00 x Soil humidity 2,-34.2090438008
2019-05-27 04:55:00 x Soil humidity 2,-34.2441835403
2019-05-27 05:00:00 x Soil humidity 2,-34.2759539485
2019-05-27 05:05:00 x Soil humidity 2,-34.3068948984
2019-05-27 05:10:00 x Soil humidity 2,-34.3420346379
2019-05-27 05:15:00 x Soil humidity 2,-34.3844732046
2019-05-27 05:20:00 x Soil humidity 2,-34.4227129221
2019-05-27 05:25:00 x Soil humidity 2,-34.4561930299
2019-05-27 05:30:00 x Soil humidity 2,-34.492144227
2019-05-27 05:35:00 x Soil humidity 2,-34.5272839665
2019-05-27 05:40:00 x Soil humidity 2,-34.5624237061
2019-05-27 05:45:00 x Soil humidity 2,-34.5975634456
2019-05-27 05:50:00 x Soil humidity 2,-34.6327031851
2019-05-27 05:55:00 x Soil humidity 2,-34.6678429246
2019-05-27 06:00:00 x Soil humidity 2,-34.7005115747
2019-05-27 06:05:00 x Soil humidity 2,-34.7331802249
2019-05-27 06:10:00 x Soil humidity 2,-34.7683199644
2019-05-27 06:15:00 x Soil humidity 2,-34.8009886146
2019-05-27 06:20:00 x Soil humidity 2,-34.8336572647
2019-05-27 06:25:00 x Soil humidity 2,-34.8687970042
2019-05-27 06:30:00 x Soil humidity 2,-34.9039367437
2019-05-27 06:35:00 x Soil humidity 2,-34.9401934743
2019-05-27 06:40:00 x Soil humidity 2,-34.9764502048
2019-05-27 06:45:00 x Soil humidity 2,-35.0188887715
2019-05-27 06:50:00 x Soil humidity 2,-35.057128489
2019-05-27 06:55:00 x Soil humidity 2,-35.1055784822
2019-05-27 07:00:00 x Soil humidity 2,-35.1605029106
2019-05-27 07:05:00 x Soil humidity 2,-35.2276551127
2019-05-27 07:10:00 x Soil humidity 2,-35.2948073149
2019-05-27 07:15:00 x Soil humidity 2,-35.3506458402
2019-05-27 07:20:00 x Soil humidity 2,-35.4064843655
2019-05-27 07:25:00 x Soil humidity 2,-35.4736365676
2019-05-27 07:30:00 x Soil humidity 2,-35.5407887697
2019-05-27 07:35:00 x Soil humidity 2,-35.596627295
2019-05-27 07:40:00 x Soil humidity 2,-35.6524658203
2019-05-27 07:45:00 x Soil humidity 2,-35.7224346399
2019-05-27 07:50:00 x Soil humidity 2,-35.7895868421
2019-05-27 07:55:00 x Soil humidity 2,-35.8454253674
2019-05-27 08:00:00 x Soil humidity 2,-35.9012638927
2019-05-27 08:05:00 x Soil humidity 2,-35.9571024179
2019-05-27 08:10:00 x Soil humidity 2,-36.0228581429
2019-05-27 08:15:00 x Soil humidity 2,-36.0886138678
2019-05-27 08:20:00 x Soil humidity 2,-36.1444523931
2019-05-27 08:25:00 x Soil humidity 2,-35.3477286444
2019-05-27 08:30:00 x Soil humidity 2,-34.5510048958
2019-05-27 08:35:00 x Soil humidity 2,-33.7542811472
2019-05-27 08:40:00 x Soil humidity 2,-32.9575573985
2019-05-27 08:45:00 x Soil humidity 2,-32.1608336499
2019-05-27 08:50:00 x Soil humidity 2,-31.3641099013
2019-05-27 08:55:00 x Soil humidity 2,-30.5673861527
2019-05-27 09:00:00 x Soil humidity 2,-29.770662404
2019-05-27 09:05:00 x Soil humidity 2,-28.9739386554
2019-05-27 09:10:00 x Soil humidity 2,-28.1772149068
2019-05-27 09:15:00 x Soil humidity 2,-27.3804911581
2019-05-27 09:20:00 x Soil humidity 2,-26.5837674095
2019-05-27 09:25:00 x Soil humidity 2,-25.7870436609
2019-05-27 09:30:00 x Soil humidity 2,-24.9903199123
2019-05-27 09:35:00 x Soil humidity 2,-24.1935961636
2019-05-27 09:40:00 x Soil humidity 2,-23.396872415
2019-05-27 09:45:00 x Soil humidity 2,-22.6001486664
2019-05-27 09:50:00 x Soil humidity 2,-21.8034249177
2019-05-27 09:55:00 x Soil humidity 2,-21.0067011691
2019-05-27 10:00:00 x Soil humidity 2,-20.2099774205
2019-05-27 10:05:00 x Soil humidity 2,-19.4132536718
2019-05-27 10:10:00 x Soil humidity 2,-18.6165299232
2019-05-27 10:15:00 x Soil humidity 2,-17.8198061746
2019-05-27 10:20:00 x Soil humidity 2,-17.023082426
2019-05-27 10:25:00 x Soil humidity 2,-16.2263586773
2019-05-27 10:30:00 x Soil humidity 2,-15.4296349287
2019-05-27 10:35:00 x Soil humidity 2,-14.6329111801
2019-05-27 10:40:00 x Soil humidity 2,-13.8361874314
2019-05-27 10:45:00 x Soil humidity 2,-13.0394636828
2019-05-27 10:50:00 x Soil humidity 2,-12.2427399342
2019-05-27 10:55:00 x Soil humidity 2,-11.4460161856
2019-05-27 11:00:00 x Soil humidity 2,-10.6492924369
2019-05-27 11:05:00 x Soil humidity 2,-9.8525686883
2019-05-27 11:10:00 x Soil humidity 2,-9.05584493967
2019-05-27 11:15:00 x Soil humidity 2,-8.25912119104
2019-05-27 11:20:00 x Soil humidity 2,-7.46239744241
2019-05-27 11:25:00 x Soil humidity 2,-6.66567369379
2019-05-27 11:30:00 x Soil humidity 2,-5.86894994516
2019-05-27 11:35:00 x Soil humidity 2,-5.07222619653
2019-05-27 11:40:00 x Soil humidity 2,-4.2755024479
2019-05-27 11:45:00 x Soil humidity 2,-3.47877869927
2019-05-27 11:50:00 x Soil humidity 2,-2.68205495064
2019-05-27 11:55:00 x Soil humidity 2,-1.88533120201
2019-05-27 12:00:00 x Soil humidity 2,-1.08860745338
2019-05-27 12:05:00 x Soil humidity 2,-0.291883704754
2019-05-27 12:10:00 x Soil humidity 2,0.504840043875
2019-05-27 12:15:00 x Soil humidity 2,1.3015637925
2019-05-27 12:20:00 x Soil humidity 2,2.09828754113
2019-05-27 12:25:00 x Soil humidity 2,2.89501128976
2019-05-27 12:30:00 x Soil humidity 2,3.69173503839
2019-05-27 12:35:00 x Soil humidity 2,4.48845878702
2019-05-27 12:40:00 x Soil humidity 2,5.28518253565
2019-05-27 12:45:00 x Soil humidity 2,6.08190628428
2019-05-27 12:50:00 x Soil humidity 2,6.87863003291
2019-05-27 12:55:00 x Soil humidity 2,7.67535378154
2019-05-27 13:00:00 x Soil humidity 2,8.47207753016
2019-05-27 13:05:00 x Soil humidity 2,9.26880127879
2019-05-27 13:10:00 x Soil humidity 2,10.0655250274
2019-05-27 13:15:00 x Soil humidity 2,10.8622487761
2019-05-27 13:20:00 x Soil humidity 2,11.6589725247
2019-05-27 13:25:00 x Soil humidity 2,12.4556962733
2019-05-27 13:30:00 x Soil humidity 2,13.2524200219
2019-05-27 13:35:00 x Soil humidity 2,14.0491437706
2019-05-27 13:40:00 x Soil humidity 2,14.8458675192
2019-05-27 13:45:00 x Soil humidity 2,15.6425912678
2019-05-27 13:50:00 x Soil humidity 2,16.4393150165
2019-05-27 13:55:00 x Soil humidity 2,17.2360387651
2019-05-27 14:00:00 x Soil humidity 2,18.0327625137
2019-05-27 14:05:00 x Soil humidity 2,18.8294862623
2019-05-27 14:10:00 x Soil humidity 2,19.626210011
2019-05-27 14:15:00 x Soil humidity 2,20.4229337596
2019-05-27 14:20:00 x Soil humidity 2,21.2196575082
2019-05-27 14:25:00 x Soil humidity 2,22.0163812569
2019-05-27 14:30:00 x Soil humidity 2,22.8131050055
2019-05-27 14:35:00 x Soil humidity 2,23.6098287541
2019-05-27 14:40:00 x Soil humidity 2,24.4065525027
2019-05-27 14:45:00 x Soil humidity 2,25.2032762514
2019-05-27 14:50:00 x Soil humidity 2,26.0
2019-05-27 14:55:00 x Soil humidity 2,25.9414790273
2019-05-27 15:00:00 x Soil humidity 2,25.8338524103
2019-05-27 15:05:00 x Soil humidity 2,25.7127925158
2019-05-27 15:10:00 x Soil humidity 2,25.635401845
2019-05-27 15:15:00 x Soil humidity 2,25.5534790158
2019-05-27 15:20:00 x Soil humidity 2,25.4921568036
2019-05-27 15:25:00 x Soil humidity 2,25.440035224
2019-05-27 15:30:00 x Soil humidity 2,25.3626445532
2019-05-27 15:35:00 x Soil humidity 2,25.2697562575
2019-05-27 15:40:00 x Soil humidity 2,25.1923655868
2019-05-27 15:45:00 x Soil humidity 2,25.114974916
2019-05-27 15:50:00 x Soil humidity 2,25.0121531487
2019-05-27 15:55:00 x Soil humidity 2,24.9347624779
2019-05-27 16:00:00 x Soil humidity 2,24.8662155271
2019-05-27 16:05:00 x Soil humidity 2,24.7976685762
2019-05-27 16:10:00 x Soil humidity 2,24.7339396477
2019-05-27 16:15:00 x Soil humidity 2,24.6702107191
2019-05-27 16:20:00 x Soil humidity 2,24.6339539886
2019-05-27 16:25:00 x Soil humidity 2,24.5915154219
2019-05-27 16:30:00 x Soil humidity 2,24.503759563
2019-05-27 16:35:00 x Soil humidity 2,24.4400306344
2019-05-27 16:40:00 x Soil humidity 2,24.3397385478
2019-05-27 16:45:00 x Soil humidity 2,24.2708771229
2019-05-27 16:50:00 x Soil humidity 2,24.202015698
2019-05-27 16:55:00 x Soil humidity 2,24.1017236114
2019-05-27 17:00:00 x Soil humidity 2,24.0542328358
2019-05-27 17:05:00 x Soil humidity 2,24.0190930963
2019-05-27 17:10:00 x Soil humidity 2,23.9590614438
2019-05-27 17:15:00 x Soil humidity 2,23.8781124353
2019-05-27 17:20:00 x Soil humidity 2,23.7971634269
2019-05-27 17:25:00 x Soil humidity 2,23.7334344983
2019-05-27 17:30:00 x Soil humidity 2,23.6697055697
2019-05-27 17:35:00 x Soil humidity 2,23.5819497108
2019-05-27 17:40:00 x Soil humidity 2,23.5010007024
2019-05-27 17:45:00 x Soil humidity 2,23.4409690499
2019-05-27 17:50:00 x Soil humidity 2,23.3824480772
2019-05-27 17:55:00 x Soil humidity 2,23.327164948
2019-05-27 18:00:00 x Soil humidity 2,23.2242716551
2019-05-27 18:05:00 x Soil humidity 2,23.1213783622
2019-05-27 18:10:00 x Soil humidity 2,23.0520932674
2019-05-27 18:15:00 x Soil humidity 2,22.9701704383
2019-05-27 18:20:00 x Soil humidity 2,22.9094367623
2019-05-27 18:25:00 x Soil humidity 2,22.8487030864
2019-05-27 18:30:00 x Soil humidity 2,22.7849741578
2019-05-27 18:35:00 x Soil humidity 2,22.7242404819
2019-05-27 18:40:00 x Soil humidity 2,22.6605115533
2019-05-27 18:45:00 x Soil humidity 2,22.5967826247
2019-05-27 18:50:00 x Soil humidity 2,22.52749753
2019-05-27 18:55:00 x Soil humidity 2,22.4349834919
2019-05-27 19:00:00 x Soil humidity 2,22.3622331619
2019-05-27 19:05:00 x Soil humidity 2,22.2929480672
2019-05-27 19:10:00 x Soil humidity 2,22.2329164147
2019-05-27 19:15:00 x Soil humidity 2,22.1739486456
2019-05-27 19:20:00 x Soil humidity 2,22.1139169931
2019-05-27 19:25:00 x Soil humidity 2,22.0531833172
2019-05-27 19:30:00 x Soil humidity 2,21.994215548
2019-05-27 19:35:00 x Soil humidity 2,21.9352477789
2019-05-27 19:40:00 x Soil humidity 2,21.8762800097
2019-05-27 19:45:00 x Soil humidity 2,21.8209968805
2019-05-27 19:50:00 x Soil humidity 2,21.7657137513
2019-05-27 19:55:00 x Soil humidity 2,21.7288193107
2019-05-27 20:00:00 x Soil humidity 2,21.69192487
2019-05-27 20:05:00 x Soil humidity 2,21.6480635405
2019-05-27 20:10:00 x Soil humidity 2,21.6070144773
2019-05-27 20:15:00 x Soil humidity 2,21.5718747377
2019-05-27 20:20:00 x Soil humidity 2,21.5367349982
2019-05-27 20:25:00 x Soil humidity 2,21.4998405576
2019-05-27 20:30:00 x Soil humidity 2,21.4629461169
2019-05-27 20:35:00 x Soil humidity 2,21.4269949198
2019-05-27 20:40:00 x Soil humidity 2,21.3918551803
2019-05-27 20:45:00 x Soil humidity 2,21.3524896502
2019-05-27 20:50:00 x Soil humidity 2,21.3165384531
2019-05-27 20:55:00 x Soil humidity 2,21.2813987136
2019-05-27 21:00:00 x Soil humidity 2,21.2462589741
2019-05-27 21:05:00 x Soil humidity 2,21.2111192346
2019-05-27 21:10:00 x Soil humidity 2,21.175979495
2019-05-27 21:15:00 x Soil humidity 2,21.1433108449
2019-05-27 21:20:00 x Soil humidity 2,21.1106421947
2019-05-27 21:25:00 x Soil humidity 2,21.0737477541
2019-05-27 21:30:00 x Soil humidity 2,21.0368533134
2019-05-27 21:35:00 x Soil humidity 2,21.0033732057
2019-05-27 21:40:00 x Soil humidity 2,20.9698930979
2019-05-27 21:45:00 x Soil humidity 2,20.9347533584
2019-05-27 21:50:00 x Soil humidity 2,20.8996136189
2019-05-27 21:55:00 x Soil humidity 2,20.8669449687
2019-05-27 22:00:00 x Soil humidity 2,20.8342763186
2019-05-27 22:05:00 x Soil humidity 2,20.7812106013
2019-05-27 22:10:00 x Soil humidity 2,20.7337198257
2019-05-27 22:15:00 x Soil humidity 2,20.7019494176
2019-05-27 22:20:00 x Soil humidity 2,20.6668096781
2019-05-27 22:25:00 x Soil humidity 2,20.6299152374
2019-05-27 22:30:00 x Soil humidity 2,20.5930207968
2019-05-27 22:35:00 x Soil humidity 2,20.5455300212
2019-05-27 22:40:00 x Soil humidity 2,20.5103902817
2019-05-27 22:45:00 x Soil humidity 2,20.4777216315
2019-05-27 22:50:00 x Soil humidity 2,20.4450529814
2019-05-27 22:55:00 x Soil humidity 2,20.4123843312
2019-05-27 23:00:00 x Soil humidity 2,20.3764331341
2019-05-27 23:05:00 x Soil humidity 2,20.3412933946
2019-05-27 23:10:00 x Soil humidity 2,20.3086247444
2019-05-27 23:15:00 x Soil humidity 2,20.2751446366
2019-05-27 23:20:00 x Soil humidity 2,20.2400048971
2019-05-27 23:25:00 x Soil humidity 2,20.2006393671
2019-05-27 23:30:00 x Soil humidity 2,20.1612738371
2019-05-27 23:35:00 x Soil humidity 2,20.1261340976
2019-05-27 23:40:00 x Soil humidity 2,20.0775263309
2019-05-27 23:45:00 x Soil humidity 2,20.0300355554
2019-05-27 23:50:00 x Soil humidity 2,19.9948958158
2019-05-27 23:55:00 x Soil humidity 2,19.9597560763
2019-05-28 00:00:00 x Soil humidity 2,19.9122653008
2019-05-28 00:05:00 x Soil humidity 2,19.8771255612
2019-05-28 00:10:00 x Soil humidity 2,19.8419858217
2019-05-28 00:15:00 x Soil humidity 2,19.8068460822
2019-05-28 00:20:00 x Soil humidity 2,19.7593553066
2019-05-28 00:25:00 x Soil humidity 2,19.7242155671
2019-05-28 00:30:00 x Soil humidity 2,19.6711498499
2019-05-28 00:35:00 x Soil humidity 2,19.6169671416
2019-05-28 00:40:00 x Soil humidity 2,19.5639014244
2019-05-28 00:45:00 x Soil humidity 2,19.5164106488
2019-05-28 00:50:00 x Soil humidity 2,19.4846402407
2019-05-28 00:55:00 x Soil humidity 2,19.4495005012
2019-05-28 01:00:00 x Soil humidity 2,19.4143607616
2019-05-28 01:05:00 x Soil humidity 2,19.3816921115
2019-05-28 01:10:00 x Soil humidity 2,19.3499217033
2019-05-28 01:15:00 x Soil humidity 2,19.3147819638
2019-05-28 01:20:00 x Soil humidity 2,19.2796422243
2019-05-28 01:25:00 x Soil humidity 2,19.2321514487
2019-05-28 01:30:00 x Soil humidity 2,19.1846606731
2019-05-28 01:35:00 x Soil humidity 2,19.1495209336
2019-05-28 01:40:00 x Soil humidity 2,19.1143811941
2019-05-28 01:45:00 x Soil humidity 2,19.0668904185
2019-05-28 01:50:00 x Soil humidity 2,19.0193996429
2019-05-28 01:55:00 x Soil humidity 2,18.9719088674
2019-05-28 02:00:00 x Soil humidity 2,18.9233011007
2019-05-28 02:05:00 x Soil humidity 2,18.8870443702
2019-05-28 02:10:00 x Soil humidity 2,18.851093173
2019-05-28 02:15:00 x Soil humidity 2,18.8176130652
2019-05-28 02:20:00 x Soil humidity 2,18.7701222897
2019-05-28 02:25:00 x Soil humidity 2,18.7226315141
2019-05-28 02:30:00 x Soil humidity 2,18.6751407385
2019-05-28 02:35:00 x Soil humidity 2,18.640000999
2019-05-28 02:40:00 x Soil humidity 2,18.600635469
2019-05-28 02:45:00 x Soil humidity 2,18.5612699389
2019-05-28 02:50:00 x Soil humidity 2,18.5261301994
2019-05-28 02:55:00 x Soil humidity 2,18.4909904599
2019-05-28 03:00:00 x Soil humidity 2,18.4547337294
2019-05-28 03:05:00 x Soil humidity 2,18.3986726403
2019-05-28 03:10:00 x Soil humidity 2,18.3511818647
2019-05-28 03:15:00 x Soil humidity 2,18.3160421252
2019-05-28 03:20:00 x Soil humidity 2,18.2766765952
2019-05-28 03:25:00 x Soil humidity 2,18.2271015048
2019-05-28 03:30:00 x Soil humidity 2,18.1919617653
2019-05-28 03:35:00 x Soil humidity 2,18.1560105681
2019-05-28 03:40:00 x Soil humidity 2,18.1208708286
2019-05-28 03:45:00 x Soil humidity 2,18.0857310891
2019-05-28 03:50:00 x Soil humidity 2,18.0505913496
2019-05-28 03:55:00 x Soil humidity 2,18.003100574
2019-05-28 04:00:00 x Soil humidity 2,17.9679608345
2019-05-28 04:05:00 x Soil humidity 2,17.932821095
2019-05-28 04:10:00 x Soil humidity 2,17.8976813555
2019-05-28 04:15:00 x Soil humidity 2,17.8501905799
2019-05-28 04:20:00 x Soil humidity 2,17.8150508404
2019-05-28 04:25:00 x Soil humidity 2,17.7799111009
2019-05-28 04:30:00 x Soil humidity 2,17.7447713614
2019-05-28 04:35:00 x Soil humidity 2,17.7096316218
2019-05-28 04:40:00 x Soil humidity 2,17.6744918823
2019-05-28 04:45:00 x Soil humidity 2,17.6393521428
2019-05-28 04:50:00 x Soil humidity 2,17.6075817347
2019-05-28 04:55:00 x Soil humidity 2,17.5724419951
2019-05-28 05:00:00 x Soil humidity 2,17.540671587
2019-05-28 05:05:00 x Soil humidity 2,17.5097306371
2019-05-28 05:10:00 x Soil humidity 2,17.4745908976
2019-05-28 05:15:00 x Soil humidity 2,17.4321523309
2019-05-28 05:20:00 x Soil humidity 2,17.3939126134
2019-05-28 05:25:00 x Soil humidity 2,17.3604325056
2019-05-28 05:30:00 x Soil humidity 2,17.3244813085
2019-05-28 05:35:00 x Soil humidity 2,17.2893415689
2019-05-28 05:40:00 x Soil humidity 2,17.2542018294
2019-05-28 05:45:00 x Soil humidity 2,17.2190620899
2019-05-28 05:50:00 x Soil humidity 2,17.1839223504
2019-05-28 05:55:00 x Soil humidity 2,17.1487826109
2019-05-28 06:00:00 x Soil humidity 2,17.1161139607
2019-05-28 06:05:00 x Soil humidity 2,17.0834453106
2019-05-28 06:10:00 x Soil humidity 2,17.0483055711
2019-05-28 06:15:00 x Soil humidity 2,17.0156369209
2019-05-28 06:20:00 x Soil humidity 2,16.9829682708
2019-05-28 06:25:00 x Soil humidity 2,16.9478285313
2019-05-28 06:30:00 x Soil humidity 2,16.9126887918
2019-05-28 06:35:00 x Soil humidity 2,16.8764320612
2019-05-28 06:40:00 x Soil humidity 2,16.8401753306
2019-05-28 06:45:00 x Soil humidity 2,16.797736764
2019-05-28 06:50:00 x Soil humidity 2,16.7594970465
2019-05-28 06:55:00 x Soil humidity 2,16.7110470533
2019-05-28 07:00:00 x Soil humidity 2,16.6561226249
2019-05-28 07:05:00 x Soil humidity 2,16.5889704227
2019-05-28 07:10:00 x Soil humidity 2,16.5218182206
2019-05-28 07:15:00 x Soil humidity 2,16.4659796953
2019-05-28 07:20:00 x Soil humidity 2,16.41014117
2019-05-28 07:25:00 x Soil humidity 2,16.3429889679
2019-05-28 07:30:00 x Soil humidity 2,16.2758367658
2019-05-28 07:35:00 x Soil humidity 2,16.2199982405
2019-05-28 07:40:00 x Soil humidity 2,16.1641597152
2019-05-28 07:45:00 x Soil humidity 2,16.0941908956
2019-05-28 07:50:00 x Soil humidity 2,16.0270386934
2019-05-28 07:55:00 x Soil humidity 2,15.9712001681
2019-05-28 08:00:00 x Soil humidity 2,15.9153616428
2019-05-28 08:05:00 x Soil humidity 2,15.8595231175
2019-05-28 08:10:00 x Soil humidity 2,15.7937673926
2019-05-28 08:15:00 x Soil humidity 2,15.7280116677
2019-05-28 08:20:00 x Soil humidity 2,15.6721731424
2019-05-28 08:25:00 x Soil humidity 2,15.6050209403
2019-05-28 08:30:00 x Soil humidity 2,15.5690697432
2019-05-28 08:35:00 x Soil humidity 2,15.5297042131
2019-05-28 08:40:00 x Soil humidity 2,15.462552011
2019-05-28 08:45:00 x Soil humidity 2,15.3953998089
2019-05-28 08:50:00 x Soil humidity 2,15.3404753804
2019-05-28 08:55:00 x Soil humidity 2,15.2920253873
2019-05-28 09:00:00 x Soil humidity 2,15.236186862
2019-05-28 09:05:00 x Soil humidity 2,15.1803483367
2019-05-28 09:10:00 x Soil humidity 2,15.1245098114
2019-05-28 09:15:00 x Soil humidity 2,15.0686712861
2019-05-28 09:20:00 x Soil humidity 2,15.0001243353
2019-05-28 09:25:00 x Soil humidity 2,14.9451999068
2019-05-28 09:30:00 x Soil humidity 2,14.8967499137
2019-05-28 09:35:00 x Soil humidity 2,14.8482999206
2019-05-28 09:40:00 x Soil humidity 2,14.7811477184
2019-05-28 09:45:00 x Soil humidity 2,14.6905616522
2019-05-28 09:50:00 x Soil humidity 2,14.6288825274
2019-05-28 09:55:00 x Soil humidity 2,14.5672034025
2019-05-28 10:00:00 x Soil humidity 2,14.532063663
2019-05-28 10:05:00 x Soil humidity 2,14.4969239235
2019-05-28 10:10:00 x Soil humidity 2,14.4410853982
2019-05-28 10:15:00 x Soil humidity 2,14.3739331961
2019-05-28 10:20:00 x Soil humidity 2,14.3180946708
2019-05-28 10:25:00 x Soil humidity 2,14.2622561455
2019-05-28 10:30:00 x Soil humidity 2,14.2121906877
2019-05-28 10:35:00 x Soil humidity 2,14.1485027671
2019-05-28 10:40:00 x Soil humidity 2,14.0926642418
2019-05-28 10:45:00 x Soil humidity 2,14.0255120397
2019-05-28 10:50:00 x Soil humidity 2,13.9696735144
2019-05-28 10:55:00 x Soil humidity 2,13.9138349891
2019-05-28 11:00:00 x Soil humidity 2,13.8653849959
2019-05-28 11:05:00 x Soil humidity 2,13.8169350028
2019-05-28 11:10:00 x Soil humidity 2,13.7263489366
2019-05-28 11:15:00 x Soil humidity 2,13.6357628703
2019-05-28 11:20:00 x Soil humidity 2,13.5757312179
2019-05-28 11:25:00 x Soil humidity 2,13.5156995654
2019-05-28 11:30:00 x Soil humidity 2,13.4485473633
2019-05-28 11:35:00 x Soil humidity 2,13.357961297
2019-05-28 11:40:00 x Soil humidity 2,13.3104705215
2019-05-28 11:45:00 x Soil humidity 2,13.2629797459
2019-05-28 11:50:00 x Soil humidity 2,13.2044587731
2019-05-28 11:55:00 x Soil humidity 2,13.1459378004
2019-05-28 12:00:00 x Soil humidity 2,13.0553517342
2019-05-28 12:05:00 x Soil humidity 2,12.988199532
2019-05-28 12:10:00 x Soil humidity 2,12.9332751036
2019-05-28 12:15:00 x Soil humidity 2,12.8647281528
2019-05-28 12:20:00 x Soil humidity 2,12.8098037243
2019-05-28 12:25:00 x Soil humidity 2,12.7548792958
2019-05-28 12:30:00 x Soil humidity 2,12.6642932296
2019-05-28 12:35:00 x Soil humidity 2,12.59432441
2019-05-28 12:40:00 x Soil humidity 2,12.487752676
2019-05-28 12:45:00 x Soil humidity 2,12.3681162
2019-05-28 12:50:00 x Soil humidity 2,12.2609035373
2019-05-28 12:55:00 x Soil humidity 2,12.1536908746
2019-05-28 13:00:00 x Soil humidity 2,12.0984077454
2019-05-28 13:05:00 x Soil humidity 2,12.0398867726
2019-05-28 13:10:00 x Soil humidity 2,11.9604485035
2019-05-28 13:15:00 x Soil humidity 2,11.8810102344
2019-05-28 13:20:00 x Soil humidity 2,11.8015719652
2019-05-28 13:25:00 x Soil humidity 2,11.7221336961
2019-05-28 13:30:00 x Soil humidity 2,11.6563779712
2019-05-28 13:35:00 x Soil humidity 2,11.5671883821
2019-05-28 13:40:00 x Soil humidity 2,11.4599757195
2019-05-28 13:45:00 x Soil humidity 2,11.3674616814
2019-05-28 13:50:00 x Soil humidity 2,11.3017059565
2019-05-28 13:55:00 x Soil humidity 2,11.2400268316
2019-05-28 14:00:00 x Soil humidity 2,11.1498215199
2019-05-28 14:05:00 x Soil humidity 2,11.0461829305
2019-05-28 14:10:00 x Soil humidity 2,10.9433611631
2019-05-28 14:15:00 x Soil humidity 2,10.8287416697
2019-05-28 14:20:00 x Soil humidity 2,10.7211150527
2019-05-28 14:25:00 x Soil humidity 2,10.6134884357
2019-05-28 14:30:00 x Soil humidity 2,10.506275773
2019-05-28 14:35:00 x Soil humidity 2,10.3990631104
2019-05-28 14:40:00 x Soil humidity 2,10.3263127804
2019-05-28 14:45:00 x Soil humidity 2,10.2337987423
2019-05-28 14:50:00 x Soil humidity 2,10.1737670898
2019-05-28 14:55:00 x Soil humidity 2,10.1152461171
2019-05-28 15:00:00 x Soil humidity 2,10.0076195002
2019-05-28 15:05:00 x Soil humidity 2,9.8865596056
2019-05-28 15:10:00 x Soil humidity 2,9.80916893482
2019-05-28 15:15:00 x Soil humidity 2,9.72724610567
2019-05-28 15:20:00 x Soil humidity 2,9.66592389345
2019-05-28 15:25:00 x Soil humidity 2,9.6138023138
2019-05-28 15:30:00 x Soil humidity 2,9.53641164303
2019-05-28 15:35:00 x Soil humidity 2,9.44352334738
2019-05-28 15:40:00 x Soil humidity 2,9.3661326766
2019-05-28 15:45:00 x Soil humidity 2,9.28874200583
2019-05-28 15:50:00 x Soil humidity 2,9.18592023849
2019-05-28 15:55:00 x Soil humidity 2,9.10852956772
2019-05-28 16:00:00 x Soil humidity 2,9.0399826169
2019-05-28 16:05:00 x Soil humidity 2,8.97143566608
2019-05-28 16:10:00 x Soil humidity 2,8.90770673752
2019-05-28 16:15:00 x Soil humidity 2,8.84397780895
2019-05-28 16:20:00 x Soil humidity 2,8.8077210784
2019-05-28 16:25:00 x Soil humidity 2,8.76528251171
2019-05-28 16:30:00 x Soil humidity 2,8.67752665281
2019-05-28 16:35:00 x Soil humidity 2,8.61379772425
2019-05-28 16:40:00 x Soil humidity 2,8.51350563765
2019-05-28 16:45:00 x Soil humidity 2,8.44464421272
2019-05-28 16:50:00 x Soil humidity 2,8.3757827878
2019-05-28 16:55:00 x Soil humidity 2,8.2754907012
2019-05-28 17:00:00 x Soil humidity 2,8.22799992561
2019-05-28 17:05:00 x Soil humidity 2,8.1928601861
2019-05-28 17:10:00 x Soil humidity 2,8.13282853365
2019-05-28 17:15:00 x Soil humidity 2,8.05187952518
2019-05-28 17:20:00 x Soil humidity 2,7.97093051672
2019-05-28 17:25:00 x Soil humidity 2,7.90720158815
2019-05-28 17:30:00 x Soil humidity 2,7.84347265959
2019-05-28 17:35:00 x Soil humidity 2,7.75571680069
2019-05-28 17:40:00 x Soil humidity 2,7.67476779222
2019-05-28 17:45:00 x Soil humidity 2,7.61473613977
2019-05-28 17:50:00 x Soil humidity 2,7.55621516705
2019-05-28 17:55:00 x Soil humidity 2,7.50093203783
2019-05-28 18:00:00 x Soil humidity 2,7.39803874493
2019-05-28 18:05:00 x Soil humidity 2,7.29514545202
2019-05-28 18:10:00 x Soil humidity 2,7.22586035728
2019-05-28 18:15:00 x Soil humidity 2,7.14393752813
2019-05-28 18:20:00 x Soil humidity 2,7.08320385218
2019-05-28 18:25:00 x Soil humidity 2,7.02247017622
2019-05-28 18:30:00 x Soil humidity 2,6.95874124765
2019-05-28 18:35:00 x Soil humidity 2,6.8980075717
2019-05-28 18:40:00 x Soil humidity 2,6.83427864313
2019-05-28 18:45:00 x Soil humidity 2,6.77054971457
2019-05-28 18:50:00 x Soil humidity 2,6.70126461983
2019-05-28 18:55:00 x Soil humidity 2,6.60875058174
2019-05-28 19:00:00 x Soil humidity 2,6.53600025177
2019-05-28 19:05:00 x Soil humidity 2,6.46671515703
2019-05-28 19:10:00 x Soil humidity 2,6.40668350458
2019-05-28 19:15:00 x Soil humidity 2,6.34771573544
2019-05-28 19:20:00 x Soil humidity 2,6.28768408298
2019-05-28 19:25:00 x Soil humidity 2,6.22695040703
2019-05-28 19:30:00 x Soil humidity 2,6.16798263788
2019-05-28 19:35:00 x Soil humidity 2,6.10901486874
2019-05-28 19:40:00 x Soil humidity 2,6.05004709959
2019-05-28 19:45:00 x Soil humidity 2,5.99476397038
2019-05-28 19:50:00 x Soil humidity 2,5.93948084116
2019-05-28 19:55:00 x Soil humidity 2,5.90258640051
2019-05-28 20:00:00 x Soil humidity 2,5.86569195986
2019-05-28 20:05:00 x Soil humidity 2,5.8218306303
2019-05-28 20:10:00 x Soil humidity 2,5.7807815671
2019-05-28 20:15:00 x Soil humidity 2,5.74564182758
2019-05-28 20:20:00 x Soil humidity 2,5.71050208807
2019-05-28 20:25:00 x Soil humidity 2,5.67360764742
2019-05-28 20:30:00 x Soil humidity 2,5.63671320677
2019-05-28 20:35:00 x Soil humidity 2,5.60076200962
2019-05-28 20:40:00 x Soil humidity 2,5.56562227011
2019-05-28 20:45:00 x Soil humidity 2,5.52625674009
2019-05-28 20:50:00 x Soil humidity 2,5.49030554295
2019-05-28 20:55:00 x Soil humidity 2,5.45516580343
2019-05-28 21:00:00 x Soil humidity 2,5.42002606392
2019-05-28 21:05:00 x Soil humidity 2,5.38488632441
2019-05-28 21:10:00 x Soil humidity 2,5.34974658489
2019-05-28 21:15:00 x Soil humidity 2,5.31707793474
2019-05-28 21:20:00 x Soil humidity 2,5.28440928459
2019-05-28 21:25:00 x Soil humidity 2,5.24751484394
2019-05-28 21:30:00 x Soil humidity 2,5.21062040329
2019-05-28 21:35:00 x Soil humidity 2,5.17714029551
2019-05-28 21:40:00 x Soil humidity 2,5.14366018772
2019-05-28 21:45:00 x Soil humidity 2,5.10852044821
2019-05-28 21:50:00 x Soil humidity 2,5.07338070869
2019-05-28 21:55:00 x Soil humidity 2,5.04071205854
2019-05-28 22:00:00 x Soil humidity 2,5.00804340839
2019-05-28 22:05:00 x Soil humidity 2,4.95497769117
2019-05-28 22:10:00 x Soil humidity 2,4.90748691559
2019-05-28 22:15:00 x Soil humidity 2,4.87571650743
2019-05-28 22:20:00 x Soil humidity 2,4.84057676792
2019-05-28 22:25:00 x Soil humidity 2,4.80368232727
2019-05-28 22:30:00 x Soil humidity 2,4.76678788662
2019-05-28 22:35:00 x Soil humidity 2,4.71929711103
2019-05-28 22:40:00 x Soil humidity 2,4.68415737152
2019-05-28 22:45:00 x Soil humidity 2,4.65148872137
2019-05-28 22:50:00 x Soil humidity 2,4.61882007122
2019-05-28 22:55:00 x Soil humidity 2,4.58615142107
2019-05-28 23:00:00 x Soil humidity 2,4.55020022392
2019-05-28 23:05:00 x Soil humidity 2,4.51506048441
2019-05-28 23:10:00 x Soil humidity 2,4.48239183426
2019-05-28 23:15:00 x Soil humidity 2,4.44891172647
2019-05-28 23:20:00 x Soil humidity 2,4.41377198696
2019-05-28 23:25:00 x Soil humidity 2,4.37440645695
2019-05-28 23:30:00 x Soil humidity 2,4.33504092693
2019-05-28 23:35:00 x Soil humidity 2,4.29990118742
2019-05-28 23:40:00 x Soil humidity 2,4.25129342079
2019-05-28 23:45:00 x Soil humidity 2,4.20380264521
2019-05-28 23:50:00 x Soil humidity 2,4.16866290569
2019-05-28 23:55:00 x Soil humidity 2,4.13352316618
2019-05-29 00:00:00 x Soil humidity 2,4.08603239059
2019-05-29 00:05:00 x Soil humidity 2,4.05089265108
2019-05-29 00:10:00 x Soil humidity 2,4.01575291157
2019-05-29 00:15:00 x Soil humidity 2,3.98061317205
2019-05-29 00:20:00 x Soil humidity 2,3.93312239647
2019-05-29 00:25:00 x Soil humidity 2,3.89798265696
2019-05-29 00:30:00 x Soil humidity 2,3.84491693974
2019-05-29 00:35:00 x Soil humidity 2,3.79073423147
2019-05-29 00:40:00 x Soil humidity 2,3.73766851425
2019-05-29 00:45:00 x Soil humidity 2,3.69017773867
2019-05-29 00:50:00 x Soil humidity 2,3.65840733051
2019-05-29 00:55:00 x Soil humidity 2,3.623267591
2019-05-29 01:00:00 x Soil humidity 2,3.58812785149
2019-05-29 01:05:00 x Soil humidity 2,3.55545920134
2019-05-29 01:10:00 x Soil humidity 2,3.52368879318
2019-05-29 01:15:00 x Soil humidity 2,3.48854905367
2019-05-29 01:20:00 x Soil humidity 2,3.45340931416
2019-05-29 01:25:00 x Soil humidity 2,3.40591853857
2019-05-29 01:30:00 x Soil humidity 2,3.35842776299
2019-05-29 01:35:00 x Soil humidity 2,3.32328802347
2019-05-29 01:40:00 x Soil humidity 2,3.28814828396
2019-05-29 01:45:00 x Soil humidity 2,3.24065750837
2019-05-29 01:50:00 x Soil humidity 2,3.19316673279
2019-05-29 01:55:00 x Soil humidity 2,3.1456759572
2019-05-29 02:00:00 x Soil humidity 2,3.09706819057
2019-05-29 02:05:00 x Soil humidity 2,3.06081146002
2019-05-29 02:10:00 x Soil humidity 2,3.02486026287
2019-05-29 02:15:00 x Soil humidity 2,2.99138015509
2019-05-29 02:20:00 x Soil humidity 2,2.9438893795
2019-05-29 02:25:00 x Soil humidity 2,2.89639860392
2019-05-29 02:30:00 x Soil humidity 2,2.84890782833
2019-05-29 02:35:00 x Soil humidity 2,2.81376808882
2019-05-29 02:40:00 x Soil humidity 2,2.7744025588
2019-05-29 02:45:00 x Soil humidity 2,2.73503702879
2019-05-29 02:50:00 x Soil humidity 2,2.69989728928
2019-05-29 02:55:00 x Soil humidity 2,2.66475754976
2019-05-29 03:00:00 x Soil humidity 2,2.62850081921
2019-05-29 03:05:00 x Soil humidity 2,2.57243973017
2019-05-29 03:10:00 x Soil humidity 2,2.52494895458
2019-05-29 03:15:00 x Soil humidity 2,2.48980921507
2019-05-29 03:20:00 x Soil humidity 2,2.45044368505
2019-05-29 03:25:00 x Soil humidity 2,2.40086859465
2019-05-29 03:30:00 x Soil humidity 2,2.36572885513
2019-05-29 03:35:00 x Soil humidity 2,2.32977765799
2019-05-29 03:40:00 x Soil humidity 2,2.29463791847
2019-05-29 03:45:00 x Soil humidity 2,2.25949817896
2019-05-29 03:50:00 x Soil humidity 2,2.22435843945
2019-05-29 03:55:00 x Soil humidity 2,2.17686766386
2019-05-29 04:00:00 x Soil humidity 2,2.14172792435
2019-05-29 04:05:00 x Soil humidity 2,2.10658818483
2019-05-29 04:10:00 x Soil humidity 2,2.07144844532
2019-05-29 04:15:00 x Soil humidity 2,2.02395766973
2019-05-29 04:20:00 x Soil humidity 2,1.98881793022
2019-05-29 04:25:00 x Soil humidity 2,1.95367819071
2019-05-29 04:30:00 x Soil humidity 2,1.91853845119
2019-05-29 04:35:00 x Soil humidity 2,1.88339871168
2019-05-29 04:40:00 x Soil humidity 2,1.84825897217
2019-05-29 04:45:00 x Soil humidity 2,1.81311923265
2019-05-29 04:50:00 x Soil humidity 2,1.7813488245
2019-05-29 04:55:00 x Soil humidity 2,1.74620908499
2019-05-29 05:00:00 x Soil humidity 2,1.71443867683
2019-05-29 05:05:00 x Soil humidity 2,1.68349772692
2019-05-29 05:10:00 x Soil humidity 2,1.6483579874
2019-05-29 05:15:00 x Soil humidity 2,1.60591942072
2019-05-29 05:20:00 x Soil humidity 2,1.56767970324
2019-05-29 05:25:00 x Soil humidity 2,1.53419959545
2019-05-29 05:30:00 x Soil humidity 2,1.4982483983
2019-05-29 05:35:00 x Soil humidity 2,1.46310865879
2019-05-29 05:40:00 x Soil humidity 2,1.42796891928
2019-05-29 05:45:00 x Soil humidity 2,1.39282917976
2019-05-29 05:50:00 x Soil humidity 2,1.35768944025
2019-05-29 05:55:00 x Soil humidity 2,1.32254970074
2019-05-29 06:00:00 x Soil humidity 2,1.28988105059
2019-05-29 06:05:00 x Soil humidity 2,1.25721240044
2019-05-29 06:10:00 x Soil humidity 2,1.22207266092
2019-05-29 06:15:00 x Soil humidity 2,1.18940401077
2019-05-29 06:20:00 x Soil humidity 2,1.15673536062
2019-05-29 06:25:00 x Soil humidity 2,1.12159562111
2019-05-29 06:30:00 x Soil humidity 2,1.0864558816
2019-05-29 06:35:00 x Soil humidity 2,1.05019915104
2019-05-29 06:40:00 x Soil humidity 2,1.01394242048
2019-05-29 06:45:00 x Soil humidity 2,0.971503853798
2019-05-29 06:50:00 x Soil humidity 2,0.933264136314
2019-05-29 06:55:00 x Soil humidity 2,0.884814143181
2019-05-29 07:00:00 x Soil humidity 2,0.829889714718
2019-05-29 07:05:00 x Soil humidity 2,0.762737512589
2019-05-29 07:10:00 x Soil humidity 2,0.695585310459
2019-05-29 07:15:00 x Soil humidity 2,0.639746785164
2019-05-29 07:20:00 x Soil humidity 2,0.583908259869
2019-05-29 07:25:00 x Soil humidity 2,0.516756057739
2019-05-29 07:30:00 x Soil humidity 2,0.44960385561
2019-05-29 07:35:00 x Soil humidity 2,0.393765330315
2019-05-29 07:40:00 x Soil humidity 2,0.337926805019
2019-05-29 07:45:00 x Soil humidity 2,0.267957985401
2019-05-29 07:50:00 x Soil humidity 2,0.200805783272
2019-05-29 07:55:00 x Soil humidity 2,0.144967257977
2019-05-29 08:00:00 x Soil humidity 2,0.0891287326813
2019-05-29 08:05:00 x Soil humidity 2,0.033290207386
2019-05-29 08:10:00 x Soil humidity 2,-0.0324655175209
2019-05-29 08:15:00 x Soil humidity 2,-0.0982212424278
2019-05-29 08:20:00 x Soil humidity 2,-0.154059767723
2019-05-29 08:25:00 x Soil humidity 2,-0.221211969852
2019-05-29 08:30:00 x Soil humidity 2,-0.257163167
2019-05-29 08:35:00 x Soil humidity 2,-0.296528697014
2019-05-29 08:40:00 x Soil humidity 2,-0.363680899143
2019-05-29 08:45:00 x Soil humidity 2,-0.430833101273
2019-05-29 08:50:00 x Soil humidity 2,0.349444670555
2019-05-29 08:55:00 x Soil humidity 2,1.12972244238
2019-05-29 09:00:00 x Soil humidity 2,1.91000021421
2019-05-29 09:05:00 x Soil humidity 2,2.69027798604
2019-05-29 09:10:00 x Soil humidity 2,3.47055575786
2019-05-29 09:15:00 x Soil humidity 2,4.25083352969
2019-05-29 09:20:00 x Soil humidity 2,5.03111130152
2019-05-29 09:25:00 x Soil humidity 2,5.81138907335
2019-05-29 09:30:00 x Soil humidity 2,6.59166684517
2019-05-29 09:35:00 x Soil humidity 2,7.371944617
2019-05-29 09:40:00 x Soil humidity 2,8.15222238883
2019-05-29 09:45:00 x Soil humidity 2,8.93250016066
2019-05-29 09:50:00 x Soil humidity 2,9.71277793248
2019-05-29 09:55:00 x Soil humidity 2,10.4930557043
2019-05-29 10:00:00 x Soil humidity 2,11.2733334761
2019-05-29 10:05:00 x Soil humidity 2,12.053611248
2019-05-29 10:10:00 x Soil humidity 2,12.8338890198
2019-05-29 10:15:00 x Soil humidity 2,13.6141667916
2019-05-29 10:20:00 x Soil humidity 2,14.3944445634
2019-05-29 10:25:00 x Soil humidity 2,15.1747223353
2019-05-29 10:30:00 x Soil humidity 2,15.9550001071
2019-05-29 10:35:00 x Soil humidity 2,16.7352778789
2019-05-29 10:40:00 x Soil humidity 2,17.5155556508
2019-05-29 10:45:00 x Soil humidity 2,18.2958334226
2019-05-29 10:50:00 x Soil humidity 2,19.0761111944
2019-05-29 10:55:00 x Soil humidity 2,19.8563889662
2019-05-29 11:00:00 x Soil humidity 2,20.6366667381
2019-05-29 11:05:00 x Soil humidity 2,21.4169445099
2019-05-29 11:10:00 x Soil humidity 2,22.1972222817
2019-05-29 11:15:00 x Soil humidity 2,22.9775000536
2019-05-29 11:20:00 x Soil humidity 2,23.7577778254
2019-05-29 11:25:00 x Soil humidity 2,24.5380555972
2019-05-29 11:30:00 x Soil humidity 2,25.318333369
2019-05-29 11:35:00 x Soil humidity 2,26.0986111409
2019-05-29 11:40:00 x Soil humidity 2,26.8788889127
2019-05-29 11:45:00 x Soil humidity 2,27.6591666845
2019-05-29 11:50:00 x Soil humidity 2,28.4394444563
2019-05-29 11:55:00 x Soil humidity 2,29.2197222282
2019-05-29 12:00:00 x Soil humidity 2,30.0
2019-05-29 12:05:00 x Soil humidity 2,29.9328477979
2019-05-29 12:10:00 x Soil humidity 2,29.8779233694
2019-05-29 12:15:00 x Soil humidity 2,29.8093764186
2019-05-29 12:20:00 x Soil humidity 2,29.7544519901
2019-05-29 12:25:00 x Soil humidity 2,29.6995275617
2019-05-29 12:30:00 x Soil humidity 2,29.6089414954
2019-05-29 12:35:00 x Soil humidity 2,29.5389726758
2019-05-29 12:40:00 x Soil humidity 2,29.4324009418
2019-05-29 12:45:00 x Soil humidity 2,29.3127644658
2019-05-29 12:50:00 x Soil humidity 2,29.2055518031
2019-05-29 12:55:00 x Soil humidity 2,29.0983391404
2019-05-29 13:00:00 x Soil humidity 2,29.0430560112
2019-05-29 13:05:00 x Soil humidity 2,28.9845350385
2019-05-29 13:10:00 x Soil humidity 2,28.9050967693
2019-05-29 13:15:00 x Soil humidity 2,28.8256585002
2019-05-29 13:20:00 x Soil humidity 2,28.7462202311
2019-05-29 13:25:00 x Soil humidity 2,28.6667819619
2019-05-29 13:30:00 x Soil humidity 2,28.601026237
2019-05-29 13:35:00 x Soil humidity 2,28.511836648
2019-05-29 13:40:00 x Soil humidity 2,28.4046239853
2019-05-29 13:45:00 x Soil humidity 2,28.3121099472
2019-05-29 13:50:00 x Soil humidity 2,28.2463542223
2019-05-29 13:55:00 x Soil humidity 2,28.1846750975
2019-05-29 14:00:00 x Soil humidity 2,28.0944697857
2019-05-29 14:05:00 x Soil humidity 2,27.9908311963
2019-05-29 14:10:00 x Soil humidity 2,27.888009429
2019-05-29 14:15:00 x Soil humidity 2,27.7733899355
2019-05-29 14:20:00 x Soil humidity 2,27.6657633185
2019-05-29 14:25:00 x Soil humidity 2,27.5581367016
2019-05-29 14:30:00 x Soil humidity 2,27.4509240389
2019-05-29 14:35:00 x Soil humidity 2,27.3437113762
2019-05-29 14:40:00 x Soil humidity 2,27.2709610462
2019-05-29 14:45:00 x Soil humidity 2,27.1784470081
2019-05-29 14:50:00 x Soil humidity 2,27.1184153557
2019-05-29 14:55:00 x Soil humidity 2,27.059894383
2019-05-29 15:00:00 x Soil humidity 2,26.952267766
2019-05-29 15:05:00 x Soil humidity 2,26.8312078714
2019-05-29 15:10:00 x Soil humidity 2,26.7538172007
2019-05-29 15:15:00 x Soil humidity 2,26.6718943715
2019-05-29 15:20:00 x Soil humidity 2,26.6105721593
2019-05-29 15:25:00 x Soil humidity 2,26.5584505796
2019-05-29 15:30:00 x Soil humidity 2,26.4810599089
2019-05-29 15:35:00 x Soil humidity 2,26.3881716132
2019-05-29 15:40:00 x Soil humidity 2,26.3107809424
2019-05-29 15:45:00 x Soil humidity 2,26.2333902717
2019-05-29 15:50:00 x Soil humidity 2,26.1305685043
2019-05-29 15:55:00 x Soil humidity 2,26.0531778336
2019-05-29 16:00:00 x Soil humidity 2,25.9846308827
2019-05-29 16:05:00 x Soil humidity 2,25.9160839319
2019-05-29 16:10:00 x Soil humidity 2,25.8523550034
2019-05-29 16:15:00 x Soil humidity 2,25.7886260748
2019-05-29 16:20:00 x Soil humidity 2,25.7523693442
2019-05-29 16:25:00 x Soil humidity 2,25.7099307775
2019-05-29 16:30:00 x Soil humidity 2,25.6221749187
2019-05-29 16:35:00 x Soil humidity 2,25.5584459901
2019-05-29 16:40:00 x Soil humidity 2,25.4581539035
2019-05-29 16:45:00 x Soil humidity 2,25.3892924786
2019-05-29 16:50:00 x Soil humidity 2,25.3204310536
2019-05-29 16:55:00 x Soil humidity 2,25.220138967
2019-05-29 17:00:00 x Soil humidity 2,25.1726481915
2019-05-29 17:05:00 x Soil humidity 2,25.1375084519
2019-05-29 17:10:00 x Soil humidity 2,25.0774767995
2019-05-29 17:15:00 x Soil humidity 2,24.996527791
2019-05-29 17:20:00 x Soil humidity 2,24.9155787826
2019-05-29 17:25:00 x Soil humidity 2,24.851849854
2019-05-29 17:30:00 x Soil humidity 2,24.7881209254
2019-05-29 17:35:00 x Soil humidity 2,24.7003650665
2019-05-29 17:40:00 x Soil humidity 2,24.6194160581
2019-05-29 17:45:00 x Soil humidity 2,24.5593844056
2019-05-29 17:50:00 x Soil humidity 2,24.5008634329
2019-05-29 17:55:00 x Soil humidity 2,24.4455803037
2019-05-29 18:00:00 x Soil humidity 2,24.3426870108
2019-05-29 18:05:00 x Soil humidity 2,24.2397937179
2019-05-29 18:10:00 x Soil humidity 2,24.1705086231
2019-05-29 18:15:00 x Soil humidity 2,24.088585794
2019-05-29 18:20:00 x Soil humidity 2,24.027852118
2019-05-29 18:25:00 x Soil humidity 2,23.9671184421
2019-05-29 18:30:00 x Soil humidity 2,23.9033895135
2019-05-29 18:35:00 x Soil humidity 2,23.8426558375
2019-05-29 18:40:00 x Soil humidity 2,23.778926909
2019-05-29 18:45:00 x Soil humidity 2,23.7151979804
2019-05-29 18:50:00 x Soil humidity 2,23.6459128857
2019-05-29 18:55:00 x Soil humidity 2,23.5533988476
2019-05-29 19:00:00 x Soil humidity 2,23.4806485176
2019-05-29 19:05:00 x Soil humidity 2,23.4113634229
2019-05-29 19:10:00 x Soil humidity 2,23.3513317704
2019-05-29 19:15:00 x Soil humidity 2,23.2923640013
2019-05-29 19:20:00 x Soil humidity 2,23.2323323488
2019-05-29 19:25:00 x Soil humidity 2,23.1715986729
2019-05-29 19:30:00 x Soil humidity 2,23.1126309037
2019-05-29 19:35:00 x Soil humidity 2,23.0536631346
2019-05-29 19:40:00 x Soil humidity 2,22.9946953654
2019-05-29 19:45:00 x Soil humidity 2,22.9394122362
2019-05-29 19:50:00 x Soil humidity 2,22.884129107
2019-05-29 19:55:00 x Soil humidity 2,22.8472346663
2019-05-29 20:00:00 x Soil humidity 2,22.8103402257
2019-05-29 20:05:00 x Soil humidity 2,22.7664788961
2019-05-29 20:10:00 x Soil humidity 2,22.7254298329
2019-05-29 20:15:00 x Soil humidity 2,22.6902900934
2019-05-29 20:20:00 x Soil humidity 2,22.6551503539
2019-05-29 20:25:00 x Soil humidity 2,22.6182559133
2019-05-29 20:30:00 x Soil humidity 2,22.5813614726
2019-05-29 20:35:00 x Soil humidity 2,22.5454102755
2019-05-29 20:40:00 x Soil humidity 2,22.5102705359
2019-05-29 20:45:00 x Soil humidity 2,22.4709050059
2019-05-29 20:50:00 x Soil humidity 2,22.4349538088
2019-05-29 20:55:00 x Soil humidity 2,22.3998140693
2019-05-29 21:00:00 x Soil humidity 2,22.3646743298
2019-05-29 21:05:00 x Soil humidity 2,22.3295345902
2019-05-29 21:10:00 x Soil humidity 2,22.2943948507
2019-05-29 21:15:00 x Soil humidity 2,22.2617262006
2019-05-29 21:20:00 x Soil humidity 2,22.2290575504
2019-05-29 21:25:00 x Soil humidity 2,22.1921631098
2019-05-29 21:30:00 x Soil humidity 2,22.1552686691
2019-05-29 21:35:00 x Soil humidity 2,22.1217885613
2019-05-29 21:40:00 x Soil humidity 2,22.0883084536
2019-05-29 21:45:00 x Soil humidity 2,22.053168714
2019-05-29 21:50:00 x Soil humidity 2,22.0180289745
2019-05-29 21:55:00 x Soil humidity 2,21.9853603244
2019-05-29 22:00:00 x Soil humidity 2,21.9526916742
2019-05-29 22:05:00 x Soil humidity 2,21.899625957
2019-05-29 22:10:00 x Soil humidity 2,21.8521351814
2019-05-29 22:15:00 x Soil humidity 2,21.8203647733
2019-05-29 22:20:00 x Soil humidity 2,21.7852250338
2019-05-29 22:25:00 x Soil humidity 2,21.7483305931
2019-05-29 22:30:00 x Soil humidity 2,21.7114361525
2019-05-29 22:35:00 x Soil humidity 2,21.6639453769
2019-05-29 22:40:00 x Soil humidity 2,21.6288056374
2019-05-29 22:45:00 x Soil humidity 2,21.5961369872
2019-05-29 22:50:00 x Soil humidity 2,21.5634683371
2019-05-29 22:55:00 x Soil humidity 2,21.5307996869
2019-05-29 23:00:00 x Soil humidity 2,21.4948484898
2019-05-29 23:05:00 x Soil humidity 2,21.4597087502
2019-05-29 23:10:00 x Soil humidity 2,21.4270401001
2019-05-29 23:15:00 x Soil humidity 2,21.3935599923
2019-05-29 23:20:00 x Soil humidity 2,21.3584202528
2019-05-29 23:25:00 x Soil humidity 2,21.3190547228
2019-05-29 23:30:00 x Soil humidity 2,21.2796891928
2019-05-29 23:35:00 x Soil humidity 2,21.2445494533
2019-05-29 23:40:00 x Soil humidity 2,21.1959416866
2019-05-29 23:45:00 x Soil humidity 2,21.148450911
2019-05-29 23:50:00 x Soil humidity 2,21.1133111715
2019-05-29 23:55:00 x Soil humidity 2,21.078171432
2019-05-30 00:00:00 x Soil humidity 2,21.0306806564
2019-05-30 00:05:00 x Soil humidity 2,20.9955409169
2019-05-30 00:10:00 x Soil humidity 2,20.9604011774
2019-05-30 00:15:00 x Soil humidity 2,20.9252614379
2019-05-30 00:20:00 x Soil humidity 2,20.8777706623
2019-05-30 00:25:00 x Soil humidity 2,20.8426309228
2019-05-30 00:30:00 x Soil humidity 2,20.7895652056
2019-05-30 00:35:00 x Soil humidity 2,20.7353824973
2019-05-30 00:40:00 x Soil humidity 2,20.6823167801
2019-05-30 00:45:00 x Soil humidity 2,20.6348260045
2019-05-30 00:50:00 x Soil humidity 2,20.6030555964
2019-05-30 00:55:00 x Soil humidity 2,20.5679158568
2019-05-30 01:00:00 x Soil humidity 2,20.5327761173
2019-05-30 01:05:00 x Soil humidity 2,20.5001074672
2019-05-30 01:10:00 x Soil humidity 2,20.468337059
2019-05-30 01:15:00 x Soil humidity 2,20.4331973195
2019-05-30 01:20:00 x Soil humidity 2,20.39805758
2019-05-30 01:25:00 x Soil humidity 2,20.3505668044
2019-05-30 01:30:00 x Soil humidity 2,20.3030760288
2019-05-30 01:35:00 x Soil humidity 2,20.2679362893
2019-05-30 01:40:00 x Soil humidity 2,20.2327965498
2019-05-30 01:45:00 x Soil humidity 2,20.1853057742
2019-05-30 01:50:00 x Soil humidity 2,20.1378149986
2019-05-30 01:55:00 x Soil humidity 2,20.090324223
2019-05-30 02:00:00 x Soil humidity 2,20.0417164564
2019-05-30 02:05:00 x Soil humidity 2,20.0054597259
2019-05-30 02:10:00 x Soil humidity 2,19.9695085287
2019-05-30 02:15:00 x Soil humidity 2,19.9360284209
2019-05-30 02:20:00 x Soil humidity 2,19.8885376453
2019-05-30 02:25:00 x Soil humidity 2,19.8410468698
2019-05-30 02:30:00 x Soil humidity 2,19.7935560942
2019-05-30 02:35:00 x Soil humidity 2,19.7584163547
2019-05-30 02:40:00 x Soil humidity 2,19.7190508246
2019-05-30 02:45:00 x Soil humidity 2,19.6796852946
2019-05-30 02:50:00 x Soil humidity 2,19.6445455551
2019-05-30 02:55:00 x Soil humidity 2,19.6094058156
2019-05-30 03:00:00 x Soil humidity 2,19.573149085
2019-05-30 03:05:00 x Soil humidity 2,19.517087996
2019-05-30 03:10:00 x Soil humidity 2,19.4695972204
2019-05-30 03:15:00 x Soil humidity 2,19.4344574809
2019-05-30 03:20:00 x Soil humidity 2,19.3950919509
2019-05-30 03:25:00 x Soil humidity 2,19.3455168605
2019-05-30 03:30:00 x Soil humidity 2,19.310377121
2019-05-30 03:35:00 x Soil humidity 2,19.2744259238
2019-05-30 03:40:00 x Soil humidity 2,19.2392861843
2019-05-30 03:45:00 x Soil humidity 2,19.2041464448
2019-05-30 03:50:00 x Soil humidity 2,19.1690067053
2019-05-30 03:55:00 x Soil humidity 2,19.1215159297
2019-05-30 04:00:00 x Soil humidity 2,19.0863761902
2019-05-30 04:05:00 x Soil humidity 2,19.0512364507
2019-05-30 04:10:00 x Soil humidity 2,19.0160967112
2019-05-30 04:15:00 x Soil humidity 2,18.9686059356
2019-05-30 04:20:00 x Soil humidity 2,18.9334661961
2019-05-30 04:25:00 x Soil humidity 2,18.8983264565
2019-05-30 04:30:00 x Soil humidity 2,18.863186717
2019-05-30 04:35:00 x Soil humidity 2,18.8280469775
2019-05-30 04:40:00 x Soil humidity 2,18.792907238
2019-05-30 04:45:00 x Soil humidity 2,18.7577674985
2019-05-30 04:50:00 x Soil humidity 2,18.7259970903
2019-05-30 04:55:00 x Soil humidity 2,18.6908573508
2019-05-30 05:00:00 x Soil humidity 2,18.6590869427
2019-05-30 05:05:00 x Soil humidity 2,18.6281459928
2019-05-30 05:10:00 x Soil humidity 2,18.5930062532
2019-05-30 05:15:00 x Soil humidity 2,18.5505676866
2019-05-30 05:20:00 x Soil humidity 2,18.5123279691
2019-05-30 05:25:00 x Soil humidity 2,18.4788478613
2019-05-30 05:30:00 x Soil humidity 2,18.4428966641
2019-05-30 05:35:00 x Soil humidity 2,18.4077569246
2019-05-30 05:40:00 x Soil humidity 2,18.3726171851
2019-05-30 05:45:00 x Soil humidity 2,18.3374774456
2019-05-30 05:50:00 x Soil humidity 2,18.3023377061
2019-05-30 05:55:00 x Soil humidity 2,18.2671979666
2019-05-30 06:00:00 x Soil humidity 2,18.2345293164
2019-05-30 06:05:00 x Soil humidity 2,18.2018606663
2019-05-30 06:10:00 x Soil humidity 2,18.1667209268
2019-05-30 06:15:00 x Soil humidity 2,18.1340522766
2019-05-30 06:20:00 x Soil humidity 2,18.1013836265
2019-05-30 06:25:00 x Soil humidity 2,18.0662438869
2019-05-30 06:30:00 x Soil humidity 2,18.0311041474
2019-05-30 06:35:00 x Soil humidity 2,17.9948474169
2019-05-30 06:40:00 x Soil humidity 2,17.9585906863
2019-05-30 06:45:00 x Soil humidity 2,17.9161521196
2019-05-30 06:50:00 x Soil humidity 2,17.8779124022
2019-05-30 06:55:00 x Soil humidity 2,17.829462409
2019-05-30 07:00:00 x Soil humidity 2,17.7745379806
2019-05-30 07:05:00 x Soil humidity 2,17.7073857784
2019-05-30 07:10:00 x Soil humidity 2,17.6402335763
2019-05-30 07:15:00 x Soil humidity 2,17.584395051
2019-05-30 07:20:00 x Soil humidity 2,17.5285565257
2019-05-30 07:25:00 x Soil humidity 2,17.4614043236
2019-05-30 07:30:00 x Soil humidity 2,17.3942521214
2019-05-30 07:35:00 x Soil humidity 2,17.3384135962
2019-05-30 07:40:00 x Soil humidity 2,17.2825750709
2019-05-30 07:45:00 x Soil humidity 2,17.2126062512
2019-05-30 07:50:00 x Soil humidity 2,17.1454540491
2019-05-30 07:55:00 x Soil humidity 2,17.0896155238
2019-05-30 08:00:00 x Soil humidity 2,17.0337769985
2019-05-30 08:05:00 x Soil humidity 2,16.9779384732
2019-05-30 08:10:00 x Soil humidity 2,16.9121827483
2019-05-30 08:15:00 x Soil humidity 2,16.8464270234
2019-05-30 08:20:00 x Soil humidity 2,16.7905884981
2019-05-30 08:25:00 x Soil humidity 2,16.723436296
2019-05-30 08:30:00 x Soil humidity 2,16.6874850988
2019-05-30 08:35:00 x Soil humidity 2,16.6481195688
2019-05-30 08:40:00 x Soil humidity 2,16.5809673667
2019-05-30 08:45:00 x Soil humidity 2,16.5138151646
2019-05-30 08:50:00 x Soil humidity 2,16.4588907361
2019-05-30 08:55:00 x Soil humidity 2,16.410440743
2019-05-30 09:00:00 x Soil humidity 2,16.3546022177
2019-05-30 09:05:00 x Soil humidity 2,16.2987636924
2019-05-30 09:10:00 x Soil humidity 2,16.2429251671
2019-05-30 09:15:00 x Soil humidity 2,16.1870866418
2019-05-30 09:20:00 x Soil humidity 2,16.118539691
2019-05-30 09:25:00 x Soil humidity 2,16.0636152625
2019-05-30 09:30:00 x Soil humidity 2,16.0151652694
2019-05-30 09:35:00 x Soil humidity 2,15.9667152762
2019-05-30 09:40:00 x Soil humidity 2,15.8995630741
2019-05-30 09:45:00 x Soil humidity 2,15.8089770079
2019-05-30 09:50:00 x Soil humidity 2,15.747297883
2019-05-30 09:55:00 x Soil humidity 2,15.6856187582
2019-05-30 10:00:00 x Soil humidity 2,15.6504790187
2019-05-30 10:05:00 x Soil humidity 2,15.6153392792
2019-05-30 10:10:00 x Soil humidity 2,15.5595007539
2019-05-30 10:15:00 x Soil humidity 2,15.4923485518
2019-05-30 10:20:00 x Soil humidity 2,15.4365100265
2019-05-30 10:25:00 x Soil humidity 2,15.3806715012
2019-05-30 10:30:00 x Soil humidity 2,15.3306060433
2019-05-30 10:35:00 x Soil humidity 2,15.2669181228
2019-05-30 10:40:00 x Soil humidity 2,15.4045217366
2019-05-30 10:45:00 x Soil humidity 2,15.5421253504
2019-05-30 10:50:00 x Soil humidity 2,15.6797289642
2019-05-30 10:55:00 x Soil humidity 2,15.817332578
2019-05-30 11:00:00 x Soil humidity 2,15.9549361918
2019-05-30 11:05:00 x Soil humidity 2,16.0925398056
2019-05-30 11:10:00 x Soil humidity 2,16.2301434194
2019-05-30 11:15:00 x Soil humidity 2,16.3677470333
2019-05-30 11:20:00 x Soil humidity 2,16.5053506471
2019-05-30 11:25:00 x Soil humidity 2,16.6429542609
2019-05-30 11:30:00 x Soil humidity 2,16.7805578747
2019-05-30 11:35:00 x Soil humidity 2,16.9181614885
2019-05-30 11:40:00 x Soil humidity 2,17.0557651023
2019-05-30 11:45:00 x Soil humidity 2,17.1933687161
2019-05-30 11:50:00 x Soil humidity 2,17.3309723299
2019-05-30 11:55:00 x Soil humidity 2,17.4685759437
2019-05-30 12:00:00 x Soil humidity 2,17.6061795575
2019-05-30 12:05:00 x Soil humidity 2,17.7437831714
2019-05-30 12:10:00 x Soil humidity 2,17.8813867852
2019-05-30 12:15:00 x Soil humidity 2,18.018990399
2019-05-30 12:20:00 x Soil humidity 2,18.1565940128
2019-05-30 12:25:00 x Soil humidity 2,18.2941976266
2019-05-30 12:30:00 x Soil humidity 2,18.4318012404
2019-05-30 12:35:00 x Soil humidity 2,18.5694048542
2019-05-30 12:40:00 x Soil humidity 2,18.707008468
2019-05-30 12:45:00 x Soil humidity 2,18.8446120818
2019-05-30 12:50:00 x Soil humidity 2,18.9822156957
2019-05-30 12:55:00 x Soil humidity 2,19.1198193095
2019-05-30 13:00:00 x Soil humidity 2,19.2574229233
2019-05-30 13:05:00 x Soil humidity 2,19.3950265371
2019-05-30 13:10:00 x Soil humidity 2,19.5326301509
2019-05-30 13:15:00 x Soil humidity 2,19.6702337647
2019-05-30 13:20:00 x Soil humidity 2,19.8078373785
2019-05-30 13:25:00 x Soil humidity 2,19.9454409923
2019-05-30 13:30:00 x Soil humidity 2,20.0830446061
2019-05-30 13:35:00 x Soil humidity 2,20.22064822
2019-05-30 13:40:00 x Soil humidity 2,20.3582518338
2019-05-30 13:45:00 x Soil humidity 2,20.4958554476
2019-05-30 13:50:00 x Soil humidity 2,20.6334590614
2019-05-30 13:55:00 x Soil humidity 2,20.7710626752
2019-05-30 14:00:00 x Soil humidity 2,20.908666289
2019-05-30 14:05:00 x Soil humidity 2,21.0462699028
2019-05-30 14:10:00 x Soil humidity 2,21.1838735166
2019-05-30 14:15:00 x Soil humidity 2,21.3214771304
2019-05-30 14:20:00 x Soil humidity 2,21.4590807442
2019-05-30 14:25:00 x Soil humidity 2,21.5966843581
2019-05-30 14:30:00 x Soil humidity 2,21.7342879719
2019-05-30 14:35:00 x Soil humidity 2,21.8718915857
2019-05-30 14:40:00 x Soil humidity 2,22.0094951995
2019-05-30 14:45:00 x Soil humidity 2,22.1470988133
2019-05-30 14:50:00 x Soil humidity 2,22.2847024271
2019-05-30 14:55:00 x Soil humidity 2,22.4223060409
2019-05-30 15:00:00 x Soil humidity 2,22.5599096547
2019-05-30 15:05:00 x Soil humidity 2,22.6975132685
2019-05-30 15:10:00 x Soil humidity 2,22.8351168824
2019-05-30 15:15:00 x Soil humidity 2,22.9727204962
2019-05-30 15:20:00 x Soil humidity 2,23.11032411
2019-05-30 15:25:00 x Soil humidity 2,23.2479277238
2019-05-30 15:30:00 x Soil humidity 2,23.3855313376
2019-05-30 15:35:00 x Soil humidity 2,23.5231349514
2019-05-30 15:40:00 x Soil humidity 2,23.6607385652
2019-05-30 15:45:00 x Soil humidity 2,23.798342179
2019-05-30 15:50:00 x Soil humidity 2,23.9359457928
2019-05-30 15:55:00 x Soil humidity 2,24.0735494067
2019-05-30 16:00:00 x Soil humidity 2,24.2111530205
2019-05-30 16:05:00 x Soil humidity 2,24.3487566343
2019-05-30 16:10:00 x Soil humidity 2,24.4863602481
2019-05-30 16:15:00 x Soil humidity 2,24.6239638619
2019-05-30 16:20:00 x Soil humidity 2,24.7615674757
2019-05-30 16:25:00 x Soil humidity 2,24.8991710895
2019-05-30 16:30:00 x Soil humidity 2,25.0367747033
2019-05-30 16:35:00 x Soil humidity 2,25.1743783171
2019-05-30 16:40:00 x Soil humidity 2,25.3119819309
2019-05-30 16:45:00 x Soil humidity 2,25.4495855448
2019-05-30 16:50:00 x Soil humidity 2,25.5871891586
2019-05-30 16:55:00 x Soil humidity 2,25.7247927724
2019-05-30 17:00:00 x Soil humidity 2,25.8623963862
2019-05-30 17:05:00 x Soil humidity 2,26.0
2019-05-30 17:10:00 x Soil humidity 2,25.9399683475
2019-05-30 17:15:00 x Soil humidity 2,25.8590193391
2019-05-30 17:20:00 x Soil humidity 2,25.7780703306
2019-05-30 17:25:00 x Soil humidity 2,25.7143414021
2019-05-30 17:30:00 x Soil humidity 2,25.6506124735
2019-05-30 17:35:00 x Soil humidity 2,25.5628566146
2019-05-30 17:40:00 x Soil humidity 2,25.4819076061
2019-05-30 17:45:00 x Soil humidity 2,25.4218759537
2019-05-30 17:50:00 x Soil humidity 2,25.3633549809
2019-05-30 17:55:00 x Soil humidity 2,25.3080718517
2019-05-30 18:00:00 x Soil humidity 2,25.2051785588
2019-05-30 18:05:00 x Soil humidity 2,25.1022852659
2019-05-30 18:10:00 x Soil humidity 2,25.0330001712
2019-05-30 18:15:00 x Soil humidity 2,24.951077342
2019-05-30 18:20:00 x Soil humidity 2,24.8903436661
2019-05-30 18:25:00 x Soil humidity 2,24.8296099901
2019-05-30 18:30:00 x Soil humidity 2,24.7658810616
2019-05-30 18:35:00 x Soil humidity 2,24.7051473856
2019-05-30 18:40:00 x Soil humidity 2,24.641418457
2019-05-30 18:45:00 x Soil humidity 2,24.5776895285
2019-05-30 18:50:00 x Soil humidity 2,24.5084044337
2019-05-30 18:55:00 x Soil humidity 2,24.4158903956
2019-05-30 19:00:00 x Soil humidity 2,24.3431400657
2019-05-30 19:05:00 x Soil humidity 2,24.2738549709
2019-05-30 19:10:00 x Soil humidity 2,24.2138233185
2019-05-30 19:15:00 x Soil humidity 2,24.1548555493
2019-05-30 19:20:00 x Soil humidity 2,24.0948238969
2019-05-30 19:25:00 x Soil humidity 2,24.0340902209
2019-05-30 19:30:00 x Soil humidity 2,23.9751224518
2019-05-30 19:35:00 x Soil humidity 2,23.9161546826
2019-05-30 19:40:00 x Soil humidity 2,23.8571869135
2019-05-30 19:45:00 x Soil humidity 2,23.8019037843
2019-05-30 19:50:00 x Soil humidity 2,23.7466206551
2019-05-30 19:55:00 x Soil humidity 2,23.7097262144
2019-05-30 20:00:00 x Soil humidity 2,23.6728317738
2019-05-30 20:05:00 x Soil humidity 2,23.6289704442
2019-05-30 20:10:00 x Soil humidity 2,23.587921381
2019-05-30 20:15:00 x Soil humidity 2,23.5527816415
2019-05-30 20:20:00 x Soil humidity 2,23.517641902
2019-05-30 20:25:00 x Soil humidity 2,23.4807474613
2019-05-30 20:30:00 x Soil humidity 2,23.4438530207
2019-05-30 20:35:00 x Soil humidity 2,23.4079018235
2019-05-30 20:40:00 x Soil humidity 2,23.372762084
2019-05-30 20:45:00 x Soil humidity 2,23.333396554
2019-05-30 20:50:00 x Soil humidity 2,23.2974453568
2019-05-30 20:55:00 x Soil humidity 2,23.2623056173
2019-05-30 21:00:00 x Soil humidity 2,23.2271658778
2019-05-30 21:05:00 x Soil humidity 2,23.1920261383
2019-05-30 21:10:00 x Soil humidity 2,23.1568863988
2019-05-30 21:15:00 x Soil humidity 2,23.1242177486
2019-05-30 21:20:00 x Soil humidity 2,23.0915490985
2019-05-30 21:25:00 x Soil humidity 2,23.0546546578
2019-05-30 21:30:00 x Soil humidity 2,23.0177602172
2019-05-30 21:35:00 x Soil humidity 2,22.9842801094
2019-05-30 21:40:00 x Soil humidity 2,22.9508000016
2019-05-30 21:45:00 x Soil humidity 2,22.9156602621
2019-05-30 21:50:00 x Soil humidity 2,22.8805205226
2019-05-30 21:55:00 x Soil humidity 2,22.8478518724
2019-05-30 22:00:00 x Soil humidity 2,22.8151832223
2019-05-30 22:05:00 x Soil humidity 2,22.7621175051
2019-05-30 22:10:00 x Soil humidity 2,22.7146267295
2019-05-30 22:15:00 x Soil humidity 2,22.6828563213
2019-05-30 22:20:00 x Soil humidity 2,22.6477165818
2019-05-30 22:25:00 x Soil humidity 2,22.6108221412
2019-05-30 22:30:00 x Soil humidity 2,22.5739277005
2019-05-30 22:35:00 x Soil humidity 2,22.5264369249
2019-05-30 22:40:00 x Soil humidity 2,22.4912971854
2019-05-30 22:45:00 x Soil humidity 2,22.4586285353
2019-05-30 22:50:00 x Soil humidity 2,22.4259598851
2019-05-30 22:55:00 x Soil humidity 2,22.393291235
2019-05-30 23:00:00 x Soil humidity 2,22.3573400378
2019-05-30 23:05:00 x Soil humidity 2,22.3222002983
2019-05-30 23:10:00 x Soil humidity 2,22.2895316482
2019-05-30 23:15:00 x Soil humidity 2,22.2560515404
2019-05-30 23:20:00 x Soil humidity 2,22.2209118009
2019-05-30 23:25:00 x Soil humidity 2,22.1815462708
2019-05-30 23:30:00 x Soil humidity 2,22.1421807408
2019-05-30 23:35:00 x Soil humidity 2,22.1070410013
2019-05-30 23:40:00 x Soil humidity 2,22.0584332347
2019-05-30 23:45:00 x Soil humidity 2,22.0109424591
2019-05-30 23:50:00 x Soil humidity 2,21.9758027196
2019-05-30 23:55:00 x Soil humidity 2,21.9406629801
2019-05-31 00:00:00 x Soil humidity 2,21.8931722045
2019-05-31 00:05:00 x Soil humidity 2,21.858032465
2019-05-31 00:10:00 x Soil humidity 2,21.8228927255
2019-05-31 00:15:00 x Soil humidity 2,21.787752986
2019-05-31 00:20:00 x Soil humidity 2,21.7402622104
2019-05-31 00:25:00 x Soil humidity 2,21.7051224709
2019-05-31 00:30:00 x Soil humidity 2,21.6520567536
2019-05-31 00:35:00 x Soil humidity 2,21.5978740454
2019-05-31 00:40:00 x Soil humidity 2,21.5448083282
2019-05-31 00:45:00 x Soil humidity 2,21.4973175526
2019-05-31 00:50:00 x Soil humidity 2,21.4655471444
2019-05-31 00:55:00 x Soil humidity 2,21.4304074049
2019-05-31 01:00:00 x Soil humidity 2,21.3952676654
2019-05-31 01:05:00 x Soil humidity 2,21.3625990152
2019-05-31 01:10:00 x Soil humidity 2,21.3308286071
2019-05-31 01:15:00 x Soil humidity 2,21.2956888676
2019-05-31 01:20:00 x Soil humidity 2,21.2605491281
2019-05-31 01:25:00 x Soil humidity 2,21.2130583525
2019-05-31 01:30:00 x Soil humidity 2,21.1655675769
2019-05-31 01:35:00 x Soil humidity 2,21.1304278374
2019-05-31 01:40:00 x Soil humidity 2,21.0952880979
2019-05-31 01:45:00 x Soil humidity 2,21.0477973223
2019-05-31 01:50:00 x Soil humidity 2,21.0003065467
2019-05-31 01:55:00 x Soil humidity 2,20.9528157711
2019-05-31 02:00:00 x Soil humidity 2,20.9042080045
2019-05-31 02:05:00 x Soil humidity 2,20.8679512739
2019-05-31 02:10:00 x Soil humidity 2,20.8320000768
2019-05-31 02:15:00 x Soil humidity 2,20.798519969
2019-05-31 02:20:00 x Soil humidity 2,20.7510291934
2019-05-31 02:25:00 x Soil humidity 2,20.7035384178
2019-05-31 02:30:00 x Soil humidity 2,20.6560476422
2019-05-31 02:35:00 x Soil humidity 2,20.6209079027
2019-05-31 02:40:00 x Soil humidity 2,20.5815423727
2019-05-31 02:45:00 x Soil humidity 2,20.5421768427
2019-05-31 02:50:00 x Soil humidity 2,20.5070371032
2019-05-31 02:55:00 x Soil humidity 2,20.4718973637
2019-05-31 03:00:00 x Soil humidity 2,20.4356406331
2019-05-31 03:05:00 x Soil humidity 2,20.3795795441
2019-05-31 03:10:00 x Soil humidity 2,20.3320887685
2019-05-31 03:15:00 x Soil humidity 2,20.296949029
2019-05-31 03:20:00 x Soil humidity 2,20.257583499
2019-05-31 03:25:00 x Soil humidity 2,20.2080084085
2019-05-31 03:30:00 x Soil humidity 2,20.172868669
2019-05-31 03:35:00 x Soil humidity 2,20.1369174719
2019-05-31 03:40:00 x Soil humidity 2,20.1017777324
2019-05-31 03:45:00 x Soil humidity 2,20.0666379929
2019-05-31 03:50:00 x Soil humidity 2,20.0314982533
2019-05-31 03:55:00 x Soil humidity 2,19.9840074778
2019-05-31 04:00:00 x Soil humidity 2,19.9488677382
2019-05-31 04:05:00 x Soil humidity 2,19.9137279987
2019-05-31 04:10:00 x Soil humidity 2,19.8785882592
2019-05-31 04:15:00 x Soil humidity 2,19.8310974836
2019-05-31 04:20:00 x Soil humidity 2,19.7959577441
2019-05-31 04:25:00 x Soil humidity 2,19.7608180046
2019-05-31 04:30:00 x Soil humidity 2,19.7256782651
2019-05-31 04:35:00 x Soil humidity 2,19.6905385256
2019-05-31 04:40:00 x Soil humidity 2,19.6553987861
2019-05-31 04:45:00 x Soil humidity 2,19.6202590466
2019-05-31 04:50:00 x Soil humidity 2,19.5884886384
2019-05-31 04:55:00 x Soil humidity 2,19.5533488989
2019-05-31 05:00:00 x Soil humidity 2,19.5215784907
2019-05-31 05:05:00 x Soil humidity 2,19.4906375408
2019-05-31 05:10:00 x Soil humidity 2,19.4554978013
2019-05-31 05:15:00 x Soil humidity 2,19.4130592346
2019-05-31 05:20:00 x Soil humidity 2,19.3748195171
2019-05-31 05:25:00 x Soil humidity 2,19.3413394094
2019-05-31 05:30:00 x Soil humidity 2,19.3053882122
2019-05-31 05:35:00 x Soil humidity 2,19.2702484727
2019-05-31 05:40:00 x Soil humidity 2,19.2351087332
2019-05-31 05:45:00 x Soil humidity 2,19.1999689937
2019-05-31 05:50:00 x Soil humidity 2,19.1648292542
2019-05-31 05:55:00 x Soil humidity 2,19.1296895146
2019-05-31 06:00:00 x Soil humidity 2,19.0970208645
2019-05-31 06:05:00 x Soil humidity 2,19.0643522143
2019-05-31 06:10:00 x Soil humidity 2,19.0292124748
2019-05-31 06:15:00 x Soil humidity 2,18.9965438247
2019-05-31 06:20:00 x Soil humidity 2,18.9638751745
2019-05-31 06:25:00 x Soil humidity 2,18.928735435
2019-05-31 06:30:00 x Soil humidity 2,18.8935956955
2019-05-31 06:35:00 x Soil humidity 2,18.8573389649
2019-05-31 06:40:00 x Soil humidity 2,18.8210822344
2019-05-31 06:45:00 x Soil humidity 2,18.7786436677
2019-05-31 06:50:00 x Soil humidity 2,18.7404039502
2019-05-31 06:55:00 x Soil humidity 2,18.6919539571
2019-05-31 07:00:00 x Soil humidity 2,18.6370295286
2019-05-31 07:05:00 x Soil humidity 2,18.5698773265
2019-05-31 07:10:00 x Soil humidity 2,18.5027251244
2019-05-31 07:15:00 x Soil humidity 2,18.4468865991
2019-05-31 07:20:00 x Soil humidity 2,18.3910480738
2019-05-31 07:25:00 x Soil humidity 2,18.3238958716
2019-05-31 07:30:00 x Soil humidity 2,18.2567436695
2019-05-31 07:35:00 x Soil humidity 2,18.2009051442
2019-05-31 07:40:00 x Soil humidity 2,18.1450666189
2019-05-31 07:45:00 x Soil humidity 2,18.0750977993
2019-05-31 07:50:00 x Soil humidity 2,18.0079455972
2019-05-31 07:55:00 x Soil humidity 2,17.9521070719
2019-05-31 08:00:00 x Soil humidity 2,17.8962685466
2019-05-31 08:05:00 x Soil humidity 2,17.8404300213
2019-05-31 08:10:00 x Soil humidity 2,17.7746742964
2019-05-31 08:15:00 x Soil humidity 2,17.7089185715
2019-05-31 08:20:00 x Soil humidity 2,17.6530800462
2019-05-31 08:25:00 x Soil humidity 2,17.585927844
2019-05-31 08:30:00 x Soil humidity 2,17.5499766469
2019-05-31 08:35:00 x Soil humidity 2,17.5106111169
2019-05-31 08:40:00 x Soil humidity 2,17.4434589148
2019-05-31 08:45:00 x Soil humidity 2,17.3763067126
2019-05-31 08:50:00 x Soil humidity 2,17.3213822842
2019-05-31 08:55:00 x Soil humidity 2,17.272932291
2019-05-31 09:00:00 x Soil humidity 2,17.2170937657
2019-05-31 09:05:00 x Soil humidity 2,17.1612552404
2019-05-31 09:10:00 x Soil humidity 2,17.1054167151
2019-05-31 09:15:00 x Soil humidity 2,17.0495781898
